Line	Event	Signal	Text
21	<none>	WOULD_REPAIR	STEP C1 SHADOW LIFECYCLE GUARD: event-driven execution/source obligations; WOULD_REPAIR only; no physical repair.
1152	C1 OFFENSE REQUEST	OUTSTANDING_TRUE	Outstanding: 1
1866	C1 OFFENSE REQUEST	OUTSTANDING_TRUE	Outstanding: 1
2812	C1 OFFENSE REQUEST	OUTSTANDING_TRUE	Outstanding: 1
3899	C1 OFFENSE REQUEST	OUTSTANDING_TRUE	Outstanding: 1
4925	C1 OFFENSE REQUEST	OUTSTANDING_TRUE	Outstanding: 1
5763	C1 OFFENSE REQUEST	OUTSTANDING_TRUE	Outstanding: 1
6625	C1 OFFENSE REQUEST	OUTSTANDING_TRUE	Outstanding: 1
8141	C1 OFFENSE REQUEST	OUTSTANDING_TRUE	Outstanding: 1
9235	C1 OFFENSE REQUEST	OUTSTANDING_TRUE	Outstanding: 1
10726	C1 OFFENSE REQUEST	OUTSTANDING_TRUE	Outstanding: 1
10964	C1 FINALIZATION	WOULD_REPAIR	Source[0].Outcome: WOULD_REPAIR
11539	C1 OFFENSE REQUEST	OUTSTANDING_TRUE	Outstanding: 1
11777	C1 FINALIZATION	WOULD_REPAIR	Source[0].Outcome: WOULD_REPAIR
12487	C1 OFFENSE REQUEST	OUTSTANDING_TRUE	Outstanding: 1
12725	C1 FINALIZATION	WOULD_REPAIR	Source[0].Outcome: WOULD_REPAIR
13645	C1 OFFENSE REQUEST	OUTSTANDING_TRUE	Outstanding: 1
13883	C1 FINALIZATION	WOULD_REPAIR	Source[0].Outcome: WOULD_REPAIR
15330	C1 OFFENSE REQUEST	OUTSTANDING_TRUE	Outstanding: 1
15568	C1 FINALIZATION	WOULD_REPAIR	Source[0].Outcome: WOULD_REPAIR
16071	C1 OFFENSE REQUEST	OUTSTANDING_TRUE	Outstanding: 1
17377	C1 OFFENSE REQUEST	OUTSTANDING_TRUE	Outstanding: 1
17615	C1 FINALIZATION	WOULD_REPAIR	Source[0].Outcome: WOULD_REPAIR
18215	C1 OFFENSE REQUEST	OUTSTANDING_TRUE	Outstanding: 1
19362	C1 OFFENSE REQUEST	OUTSTANDING_TRUE	Outstanding: 1
20335	C1 OFFENSE REQUEST	OUTSTANDING_TRUE	Outstanding: 1
21788	C1 OFFENSE REQUEST	OUTSTANDING_TRUE	Outstanding: 1
22026	C1 FINALIZATION	WOULD_REPAIR	Source[0].Outcome: WOULD_REPAIR
22490	C1 OFFENSE REQUEST	OUTSTANDING_TRUE	Outstanding: 1
23757	C1 OFFENSE REQUEST	OUTSTANDING_TRUE	Outstanding: 1
25273	C1 OFFENSE REQUEST	OUTSTANDING_TRUE	Outstanding: 1
25987	C1 OFFENSE REQUEST	OUTSTANDING_TRUE	Outstanding: 1
26985	C1 OFFENSE REQUEST	OUTSTANDING_TRUE	Outstanding: 1
28020	C1 OFFENSE REQUEST	OUTSTANDING_TRUE	Outstanding: 1
29191	C1 OFFENSE REQUEST	OUTSTANDING_TRUE	Outstanding: 1
30053	C1 OFFENSE REQUEST	OUTSTANDING_TRUE	Outstanding: 1
31147	C1 OFFENSE REQUEST	OUTSTANDING_TRUE	Outstanding: 1
32348	C1 OFFENSE REQUEST	OUTSTANDING_TRUE	Outstanding: 1
33456	C1 OFFENSE REQUEST	OUTSTANDING_TRUE	Outstanding: 1
33694	C1 FINALIZATION	WOULD_REPAIR	Source[0].Outcome: WOULD_REPAIR
34614	C1 OFFENSE REQUEST	OUTSTANDING_TRUE	Outstanding: 1
34852	C1 FINALIZATION	WOULD_REPAIR	Source[0].Outcome: WOULD_REPAIR
35772	C1 OFFENSE REQUEST	OUTSTANDING_TRUE	Outstanding: 1
36010	C1 FINALIZATION	WOULD_REPAIR	Source[0].Outcome: WOULD_REPAIR
36930	C1 OFFENSE REQUEST	OUTSTANDING_TRUE	Outstanding: 1
37168	C1 FINALIZATION	WOULD_REPAIR	Source[0].Outcome: WOULD_REPAIR
37864	C1 OFFENSE REQUEST	OUTSTANDING_TRUE	Outstanding: 1
39355	C1 OFFENSE REQUEST	OUTSTANDING_TRUE	Outstanding: 1
39593	C1 FINALIZATION	WOULD_REPAIR	Source[0].Outcome: WOULD_REPAIR
40245	C1 OFFENSE REQUEST	OUTSTANDING_TRUE	Outstanding: 1
42255	C1 OFFENSE REQUEST	OUTSTANDING_TRUE	Outstanding: 1
42969	C1 OFFENSE REQUEST	OUTSTANDING_TRUE	Outstanding: 1
44028	C1 OFFENSE REQUEST	OUTSTANDING_TRUE	Outstanding: 1
44742	C1 OFFENSE REQUEST	OUTSTANDING_TRUE	Outstanding: 1
45949	C1 OFFENSE REQUEST	OUTSTANDING_TRUE	Outstanding: 1
47520	C1 OFFENSE REQUEST	OUTSTANDING_TRUE	Outstanding: 1
48937	C1 OFFENSE REQUEST	OUTSTANDING_TRUE	Outstanding: 1
50157	C1 OFFENSE REQUEST	OUTSTANDING_TRUE	Outstanding: 1
50967	C1 OFFENSE REQUEST	OUTSTANDING_TRUE	Outstanding: 1
51777	C1 OFFENSE REQUEST	OUTSTANDING_TRUE	Outstanding: 1
52587	C1 OFFENSE REQUEST	OUTSTANDING_TRUE	Outstanding: 1
53733	C1 OFFENSE REQUEST	OUTSTANDING_TRUE	Outstanding: 1
55143	C1 OFFENSE REQUEST	OUTSTANDING_TRUE	Outstanding: 1
56484	C1 OFFENSE REQUEST	OUTSTANDING_TRUE	Outstanding: 1
57174	C1 OFFENSE REQUEST	OUTSTANDING_TRUE	Outstanding: 1
57864	C1 OFFENSE REQUEST	OUTSTANDING_TRUE	Outstanding: 1
58554	C1 OFFENSE REQUEST	OUTSTANDING_TRUE	Outstanding: 1
59665	C1 OFFENSE REQUEST	OUTSTANDING_TRUE	Outstanding: 1
60614	C1 OFFENSE REQUEST	OUTSTANDING_TRUE	Outstanding: 1
60852	C1 FINALIZATION	WOULD_REPAIR	Source[0].Outcome: WOULD_REPAIR
61772	C1 OFFENSE REQUEST	OUTSTANDING_TRUE	Outstanding: 1
63433	C1 OFFENSE REQUEST	OUTSTANDING_TRUE	Outstanding: 1
65094	C1 OFFENSE REQUEST	OUTSTANDING_TRUE	Outstanding: 1
65332	C1 FINALIZATION	WOULD_REPAIR	Source[0].Outcome: WOULD_REPAIR
66304	C1 OFFENSE REQUEST	OUTSTANDING_TRUE	Outstanding: 1
66542	C1 FINALIZATION	WOULD_REPAIR	Source[0].Outcome: WOULD_REPAIR
67246	C1 OFFENSE REQUEST	OUTSTANDING_TRUE	Outstanding: 1
68778	C1 OFFENSE REQUEST	OUTSTANDING_TRUE	Outstanding: 1
69519	C1 OFFENSE REQUEST	OUTSTANDING_TRUE	Outstanding: 1
70260	C1 OFFENSE REQUEST	OUTSTANDING_TRUE	Outstanding: 1
71001	C1 OFFENSE REQUEST	OUTSTANDING_TRUE	Outstanding: 1
71834	C1 OFFENSE REQUEST	OUTSTANDING_TRUE	Outstanding: 1
72667	C1 OFFENSE REQUEST	OUTSTANDING_TRUE	Outstanding: 1
73460	C1 OFFENSE REQUEST	OUTSTANDING_TRUE	Outstanding: 1
74615	C1 OFFENSE REQUEST	OUTSTANDING_TRUE	Outstanding: 1
75694	C1 OFFENSE REQUEST	OUTSTANDING_TRUE	Outstanding: 1
76411	C1 OFFENSE REQUEST	OUTSTANDING_TRUE	Outstanding: 1
77948	C1 OFFENSE REQUEST	OUTSTANDING_TRUE	Outstanding: 1
79577	C1 OFFENSE REQUEST	OUTSTANDING_TRUE	Outstanding: 1
80940	C1 OFFENSE REQUEST	OUTSTANDING_TRUE	Outstanding: 1
81178	C1 FINALIZATION	WOULD_REPAIR	Source[0].Outcome: WOULD_REPAIR
82132	C1 OFFENSE REQUEST	OUTSTANDING_TRUE	Outstanding: 1
84702	C1 OFFENSE REQUEST	OUTSTANDING_TRUE	Outstanding: 1
85838	C1 OFFENSE REQUEST	OUTSTANDING_TRUE	Outstanding: 1
87289	C1 OFFENSE REQUEST	OUTSTANDING_TRUE	Outstanding: 1
87527	C1 FINALIZATION	WOULD_REPAIR	Source[0].Outcome: WOULD_REPAIR
88283	C1 OFFENSE REQUEST	OUTSTANDING_TRUE	Outstanding: 1
89961	C1 OFFENSE REQUEST	OUTSTANDING_TRUE	Outstanding: 1
90199	C1 FINALIZATION	WOULD_REPAIR	Source[0].Outcome: WOULD_REPAIR
91153	C1 OFFENSE REQUEST	OUTSTANDING_TRUE	Outstanding: 1
92469	C1 OFFENSE REQUEST	OUTSTANDING_TRUE	Outstanding: 1
92707	C1 FINALIZATION	WOULD_REPAIR	Source[0].Outcome: WOULD_REPAIR
94086	C1 OFFENSE REQUEST	OUTSTANDING_TRUE	Outstanding: 1
96947	C1 OFFENSE REQUEST	OUTSTANDING_TRUE	Outstanding: 1
97688	C1 OFFENSE REQUEST	OUTSTANDING_TRUE	Outstanding: 1
98609	C1 OFFENSE REQUEST	OUTSTANDING_TRUE	Outstanding: 1
99506	C1 OFFENSE REQUEST	OUTSTANDING_TRUE	Outstanding: 1
100223	C1 OFFENSE REQUEST	OUTSTANDING_TRUE	Outstanding: 1
101144	C1 OFFENSE REQUEST	OUTSTANDING_TRUE	Outstanding: 1
102041	C1 OFFENSE REQUEST	OUTSTANDING_TRUE	Outstanding: 1
102850	C1 OFFENSE REQUEST	OUTSTANDING_TRUE	Outstanding: 1
102944	C1 OFFENSE REQUEST	OUTSTANDING_TRUE	Outstanding: 1
104113	C1 OFFENSE REQUEST	OUTSTANDING_TRUE	Outstanding: 1
104998	C1 OFFENSE REQUEST	OUTSTANDING_TRUE	Outstanding: 1
105092	C1 OFFENSE REQUEST	OUTSTANDING_TRUE	Outstanding: 1
106261	C1 OFFENSE REQUEST	OUTSTANDING_TRUE	Outstanding: 1
107378	C1 OFFENSE REQUEST	OUTSTANDING_TRUE	Outstanding: 1
108254	C1 OFFENSE REQUEST	OUTSTANDING_TRUE	Outstanding: 1
109267	C1 OFFENSE REQUEST	OUTSTANDING_TRUE	Outstanding: 1
110654	C1 OFFENSE REQUEST	OUTSTANDING_TRUE	Outstanding: 1
112033	C1 OFFENSE REQUEST	OUTSTANDING_TRUE	Outstanding: 1
112271	C1 FINALIZATION	WOULD_REPAIR	Source[0].Outcome: WOULD_REPAIR
113225	C1 OFFENSE REQUEST	OUTSTANDING_TRUE	Outstanding: 1
115407	C1 OFFENSE REQUEST	OUTSTANDING_TRUE	Outstanding: 1
116794	C1 OFFENSE REQUEST	OUTSTANDING_TRUE	Outstanding: 1
118173	C1 OFFENSE REQUEST	OUTSTANDING_TRUE	Outstanding: 1
118423	C1 FINALIZATION	WOULD_REPAIR	Source[1].Outcome: WOULD_REPAIR
119365	C1 OFFENSE REQUEST	OUTSTANDING_TRUE	Outstanding: 1
120931	C1 OFFENSE REQUEST	OUTSTANDING_TRUE	Outstanding: 1
123979	C1 OFFENSE REQUEST	OUTSTANDING_TRUE	Outstanding: 1
124229	C1 FINALIZATION	WOULD_REPAIR	Source[1].Outcome: WOULD_REPAIR
125171	C1 OFFENSE REQUEST	OUTSTANDING_TRUE	Outstanding: 1
127637	C1 OFFENSE REQUEST	OUTSTANDING_TRUE	Outstanding: 1
128960	C1 OFFENSE REQUEST	OUTSTANDING_TRUE	Outstanding: 1
130481	C1 OFFENSE REQUEST	OUTSTANDING_TRUE	Outstanding: 1
131565	C1 OFFENSE REQUEST	OUTSTANDING_TRUE	Outstanding: 1
131815	C1 FINALIZATION	WOULD_REPAIR	Source[1].Outcome: WOULD_REPAIR
132516	C1 OFFENSE REQUEST	OUTSTANDING_TRUE	Outstanding: 1
134405	C1 OFFENSE REQUEST	OUTSTANDING_TRUE	Outstanding: 1
135146	C1 OFFENSE REQUEST	OUTSTANDING_TRUE	Outstanding: 1
135887	C1 OFFENSE REQUEST	OUTSTANDING_TRUE	Outstanding: 1
136628	C1 OFFENSE REQUEST	OUTSTANDING_TRUE	Outstanding: 1
137731	C1 OFFENSE REQUEST	OUTSTANDING_TRUE	Outstanding: 1
138810	C1 OFFENSE REQUEST	OUTSTANDING_TRUE	Outstanding: 1
139889	C1 OFFENSE REQUEST	OUTSTANDING_TRUE	Outstanding: 1
140606	C1 OFFENSE REQUEST	OUTSTANDING_TRUE	Outstanding: 1
141683	C1 OFFENSE REQUEST	OUTSTANDING_TRUE	Outstanding: 1
142889	C1 OFFENSE REQUEST	OUTSTANDING_TRUE	Outstanding: 1
143895	C1 OFFENSE REQUEST	OUTSTANDING_TRUE	Outstanding: 1
144728	C1 OFFENSE REQUEST	OUTSTANDING_TRUE	Outstanding: 1
145561	C1 OFFENSE REQUEST	OUTSTANDING_TRUE	Outstanding: 1
146394	C1 OFFENSE REQUEST	OUTSTANDING_TRUE	Outstanding: 1
148033	C1 OFFENSE REQUEST	OUTSTANDING_TRUE	Outstanding: 1
149525	C1 OFFENSE REQUEST	OUTSTANDING_TRUE	Outstanding: 1
149763	C1 FINALIZATION	WOULD_REPAIR	Source[0].Outcome: WOULD_REPAIR
150907	C1 OFFENSE REQUEST	OUTSTANDING_TRUE	Outstanding: 1
152668	C1 OFFENSE REQUEST	OUTSTANDING_TRUE	Outstanding: 1
156593	C1 OFFENSE REQUEST	OUTSTANDING_TRUE	Outstanding: 1
157332	C1 OFFENSE REQUEST	OUTSTANDING_TRUE	Outstanding: 1
158276	C1 OFFENSE REQUEST	OUTSTANDING_TRUE	Outstanding: 1
159234	C1 OFFENSE REQUEST	OUTSTANDING_TRUE	Outstanding: 1
159327	C1-O2 OUTER BINDING	OUTSTANDING_TRUE	Outstanding: 1
159470	C1 OFFENSE REQUEST	OUTSTANDING_TRUE	Outstanding: 1
160261	C1 OFFENSE REQUEST	OUTSTANDING_TRUE	Outstanding: 1
161050	C1 OFFENSE REQUEST	OUTSTANDING_TRUE	Outstanding: 1
162014	C1 OFFENSE REQUEST	OUTSTANDING_TRUE	Outstanding: 1
162899	C1 OFFENSE REQUEST	OUTSTANDING_TRUE	Outstanding: 1
164008	C1 OFFENSE REQUEST	OUTSTANDING_TRUE	Outstanding: 1
164928	C1 OFFENSE REQUEST	OUTSTANDING_TRUE	Outstanding: 1
166627	C1 OFFENSE REQUEST	OUTSTANDING_TRUE	Outstanding: 1
167849	C1 OFFENSE REQUEST	OUTSTANDING_TRUE	Outstanding: 1
169161	C1 OFFENSE REQUEST	OUTSTANDING_TRUE	Outstanding: 1
171709	C1 OFFENSE REQUEST	OUTSTANDING_TRUE	Outstanding: 1
172448	C1 OFFENSE REQUEST	OUTSTANDING_TRUE	Outstanding: 1
173973	C1 OFFENSE REQUEST	OUTSTANDING_TRUE	Outstanding: 1
176176	C1 OFFENSE REQUEST	OUTSTANDING_TRUE	Outstanding: 1
176915	C1 OFFENSE REQUEST	OUTSTANDING_TRUE	Outstanding: 1
178076	C1 OFFENSE REQUEST	OUTSTANDING_TRUE	Outstanding: 1
180518	C1 OFFENSE REQUEST	OUTSTANDING_TRUE	Outstanding: 1
181469	C1 OFFENSE REQUEST	OUTSTANDING_TRUE	Outstanding: 1
182368	C1 OFFENSE REQUEST	OUTSTANDING_TRUE	Outstanding: 1
183529	C1 OFFENSE REQUEST	OUTSTANDING_TRUE	Outstanding: 1
185643	C1 OFFENSE REQUEST	OUTSTANDING_TRUE	Outstanding: 1
186439	C1 OFFENSE REQUEST	OUTSTANDING_TRUE	Outstanding: 1
186532	C1-O2 OUTER BINDING	OUTSTANDING_TRUE	Outstanding: 1
186700	C1 OFFENSE REQUEST	OUTSTANDING_TRUE	Outstanding: 1
187811	C1 OFFENSE REQUEST	OUTSTANDING_TRUE	Outstanding: 1
188550	C1 OFFENSE REQUEST	OUTSTANDING_TRUE	Outstanding: 1
190260	C1 OFFENSE REQUEST	OUTSTANDING_TRUE	Outstanding: 1
191108	C1 OFFENSE REQUEST	OUTSTANDING_TRUE	Outstanding: 1
191201	C1-O2 OUTER BINDING	OUTSTANDING_TRUE	Outstanding: 1
191344	C1 OFFENSE REQUEST	OUTSTANDING_TRUE	Outstanding: 1
192270	C1 OFFENSE REQUEST	OUTSTANDING_TRUE	Outstanding: 1
193009	C1 OFFENSE REQUEST	OUTSTANDING_TRUE	Outstanding: 1
194118	C1 OFFENSE REQUEST	OUTSTANDING_TRUE	Outstanding: 1
195038	C1 OFFENSE REQUEST	OUTSTANDING_TRUE	Outstanding: 1
196685	C1 OFFENSE REQUEST	OUTSTANDING_TRUE	Outstanding: 1
197769	C1 OFFENSE REQUEST	OUTSTANDING_TRUE	Outstanding: 1
199564	C1 OFFENSE REQUEST	OUTSTANDING_TRUE	Outstanding: 1
200463	C1 OFFENSE REQUEST	OUTSTANDING_TRUE	Outstanding: 1
201710	C1 OFFENSE REQUEST	OUTSTANDING_TRUE	Outstanding: 1
202769	C1 OFFENSE REQUEST	OUTSTANDING_TRUE	Outstanding: 1
203903	C1 OFFENSE REQUEST	OUTSTANDING_TRUE	Outstanding: 1
204853	C1 OFFENSE REQUEST	OUTSTANDING_TRUE	Outstanding: 1
205701	C1 OFFENSE REQUEST	OUTSTANDING_TRUE	Outstanding: 1
205794	C1-O2 OUTER BINDING	OUTSTANDING_TRUE	Outstanding: 1
205937	C1 OFFENSE REQUEST	OUTSTANDING_TRUE	Outstanding: 1
206728	C1 OFFENSE REQUEST	OUTSTANDING_TRUE	Outstanding: 1
207627	C1 OFFENSE REQUEST	OUTSTANDING_TRUE	Outstanding: 1
210505	C1 OFFENSE REQUEST	OUTSTANDING_TRUE	Outstanding: 1
211353	C1 OFFENSE REQUEST	OUTSTANDING_TRUE	Outstanding: 1
211446	C1-O2 OUTER BINDING	OUTSTANDING_TRUE	Outstanding: 1
211589	C1 OFFENSE REQUEST	OUTSTANDING_TRUE	Outstanding: 1
212328	C1 OFFENSE REQUEST	OUTSTANDING_TRUE	Outstanding: 1
213092	C1 OFFENSE REQUEST	OUTSTANDING_TRUE	Outstanding: 1
214253	C1 OFFENSE REQUEST	OUTSTANDING_TRUE	Outstanding: 1
221530	C1 OFFENSE REQUEST	OUTSTANDING_TRUE	Outstanding: 1
223291	C1 OFFENSE REQUEST	OUTSTANDING_TRUE	Outstanding: 1
226569	C1 OFFENSE REQUEST	OUTSTANDING_TRUE	Outstanding: 1
229770	C1 OFFENSE REQUEST	OUTSTANDING_TRUE	Outstanding: 1
231035	C1 OFFENSE REQUEST	OUTSTANDING_TRUE	Outstanding: 1
231273	C1 FINALIZATION	WOULD_REPAIR	Source[0].Outcome: WOULD_REPAIR
233865	C1 OFFENSE REQUEST	OUTSTANDING_TRUE	Outstanding: 1
234972	C1 OFFENSE REQUEST	OUTSTANDING_TRUE	Outstanding: 1
235763	C1 OFFENSE REQUEST	OUTSTANDING_TRUE	Outstanding: 1
237458	C1 OFFENSE REQUEST	OUTSTANDING_TRUE	Outstanding: 1
243624	C1 OFFENSE REQUEST	OUTSTANDING_TRUE	Outstanding: 1
245890	C1 OFFENSE REQUEST	OUTSTANDING_TRUE	Outstanding: 1
247585	C1 OFFENSE REQUEST	OUTSTANDING_TRUE	Outstanding: 1
248460	C1 OFFENSE REQUEST	OUTSTANDING_TRUE	Outstanding: 1
250572	C1 OFFENSE REQUEST	OUTSTANDING_TRUE	Outstanding: 1
254286	C1 OFFENSE REQUEST	OUTSTANDING_TRUE	Outstanding: 1
255104	C1 OFFENSE REQUEST	OUTSTANDING_TRUE	Outstanding: 1
256153	C1 OFFENSE REQUEST	OUTSTANDING_TRUE	Outstanding: 1
256246	C1-O2 OUTER BINDING	OUTSTANDING_TRUE	Outstanding: 1
256414	C1 OFFENSE REQUEST	OUTSTANDING_TRUE	Outstanding: 1
258225	C1 OFFENSE REQUEST	OUTSTANDING_TRUE	Outstanding: 1
260248	C1 OFFENSE REQUEST	OUTSTANDING_TRUE	Outstanding: 1
261014	C1 OFFENSE REQUEST	OUTSTANDING_TRUE	Outstanding: 1
261957	C1 OFFENSE REQUEST	OUTSTANDING_TRUE	Outstanding: 1
263990	C1 OFFENSE REQUEST	OUTSTANDING_TRUE	Outstanding: 1
265729	C1 OFFENSE REQUEST	OUTSTANDING_TRUE	Outstanding: 1
266677	C1 OFFENSE REQUEST	OUTSTANDING_TRUE	Outstanding: 1
267659	C1 OFFENSE REQUEST	OUTSTANDING_TRUE	Outstanding: 1
269107	C1 OFFENSE REQUEST	OUTSTANDING_TRUE	Outstanding: 1
270389	C1 OFFENSE REQUEST	OUTSTANDING_TRUE	Outstanding: 1
271214	C1 OFFENSE REQUEST	OUTSTANDING_TRUE	Outstanding: 1
272039	C1 OFFENSE REQUEST	OUTSTANDING_TRUE	Outstanding: 1
274663	C1 OFFENSE REQUEST	OUTSTANDING_TRUE	Outstanding: 1
276351	C1 OFFENSE REQUEST	OUTSTANDING_TRUE	Outstanding: 1
277142	C1 OFFENSE REQUEST	OUTSTANDING_TRUE	Outstanding: 1
277992	C1 OFFENSE REQUEST	OUTSTANDING_TRUE	Outstanding: 1
279708	C1 OFFENSE REQUEST	OUTSTANDING_TRUE	Outstanding: 1
280551	C1 OFFENSE REQUEST	OUTSTANDING_TRUE	Outstanding: 1
282335	C1 OFFENSE REQUEST	OUTSTANDING_TRUE	Outstanding: 1
283295	C1 OFFENSE REQUEST	OUTSTANDING_TRUE	Outstanding: 1
284120	C1 OFFENSE REQUEST	OUTSTANDING_TRUE	Outstanding: 1
285707	C1 OFFENSE REQUEST	OUTSTANDING_TRUE	Outstanding: 1
286608	C1 OFFENSE REQUEST	OUTSTANDING_TRUE	Outstanding: 1
287534	C1 OFFENSE REQUEST	OUTSTANDING_TRUE	Outstanding: 1
288906	C1 OFFENSE REQUEST	OUTSTANDING_TRUE	Outstanding: 1
290426	C1 OFFENSE REQUEST	OUTSTANDING_TRUE	Outstanding: 1
293237	C1 OFFENSE REQUEST	OUTSTANDING_TRUE	Outstanding: 1
295270	C1 OFFENSE REQUEST	OUTSTANDING_TRUE	Outstanding: 1
299126	C1 OFFENSE REQUEST	OUTSTANDING_TRUE	Outstanding: 1
301454	C1 OFFENSE REQUEST	OUTSTANDING_TRUE	Outstanding: 1
303549	C1 OFFENSE REQUEST	OUTSTANDING_TRUE	Outstanding: 1
304952	C1 OFFENSE REQUEST	OUTSTANDING_TRUE	Outstanding: 1
305768	C1 OFFENSE REQUEST	OUTSTANDING_TRUE	Outstanding: 1
307044	C1 OFFENSE REQUEST	OUTSTANDING_TRUE	Outstanding: 1
308651	C1 OFFENSE REQUEST	OUTSTANDING_TRUE	Outstanding: 1
310031	C1 OFFENSE REQUEST	OUTSTANDING_TRUE	Outstanding: 1
311103	C1 OFFENSE REQUEST	OUTSTANDING_TRUE	Outstanding: 1
312735	C1 OFFENSE REQUEST	OUTSTANDING_TRUE	Outstanding: 1
314093	C1 OFFENSE REQUEST	OUTSTANDING_TRUE	Outstanding: 1
316126	C1 OFFENSE REQUEST	OUTSTANDING_TRUE	Outstanding: 1
317057	C1 OFFENSE REQUEST	OUTSTANDING_TRUE	Outstanding: 1
317150	C1-O2 OUTER BINDING	OUTSTANDING_TRUE	Outstanding: 1
317293	C1 OFFENSE REQUEST	OUTSTANDING_TRUE	Outstanding: 1
319082	C1 OFFENSE REQUEST	OUTSTANDING_TRUE	Outstanding: 1
319846	C1 OFFENSE REQUEST	OUTSTANDING_TRUE	Outstanding: 1
321149	C1 OFFENSE REQUEST	OUTSTANDING_TRUE	Outstanding: 1
321947	C1 OFFENSE REQUEST	OUTSTANDING_TRUE	Outstanding: 1
323184	C1 OFFENSE REQUEST	OUTSTANDING_TRUE	Outstanding: 1
324025	C1 OFFENSE REQUEST	OUTSTANDING_TRUE	Outstanding: 1
325340	C1 OFFENSE REQUEST	OUTSTANDING_TRUE	Outstanding: 1
327004	C1 OFFENSE REQUEST	OUTSTANDING_TRUE	Outstanding: 1
330186	C1 OFFENSE REQUEST	OUTSTANDING_TRUE	Outstanding: 1
330279	C1-O2 OUTER BINDING	OUTSTANDING_TRUE	Outstanding: 1
330422	C1 OFFENSE REQUEST	OUTSTANDING_TRUE	Outstanding: 1
331168	C1 OFFENSE REQUEST	OUTSTANDING_TRUE	Outstanding: 1
331261	C1-O2 OUTER BINDING	OUTSTANDING_TRUE	Outstanding: 1
331404	C1 OFFENSE REQUEST	OUTSTANDING_TRUE	Outstanding: 1
332218	C1 OFFENSE REQUEST	OUTSTANDING_TRUE	Outstanding: 1
332957	C1 OFFENSE REQUEST	OUTSTANDING_TRUE	Outstanding: 1
334923	C1 OFFENSE REQUEST	OUTSTANDING_TRUE	Outstanding: 1
335016	C1-O2 OUTER BINDING	OUTSTANDING_TRUE	Outstanding: 1
335211	C1 OFFENSE REQUEST	OUTSTANDING_TRUE	Outstanding: 1
337974	C1 OFFENSE REQUEST	OUTSTANDING_TRUE	Outstanding: 1
338790	C1 OFFENSE REQUEST	OUTSTANDING_TRUE	Outstanding: 1
339638	C1 OFFENSE REQUEST	OUTSTANDING_TRUE	Outstanding: 1
340508	C1 OFFENSE REQUEST	OUTSTANDING_TRUE	Outstanding: 1
345696	C1 OFFENSE REQUEST	OUTSTANDING_TRUE	Outstanding: 1
345934	C1 FINALIZATION	WOULD_REPAIR	Source[0].Outcome: WOULD_REPAIR
346509	C1 OFFENSE REQUEST	OUTSTANDING_TRUE	Outstanding: 1
346747	C1 FINALIZATION	WOULD_REPAIR	Source[0].Outcome: WOULD_REPAIR
347322	C1 OFFENSE REQUEST	OUTSTANDING_TRUE	Outstanding: 1
347560	C1 FINALIZATION	WOULD_REPAIR	Source[0].Outcome: WOULD_REPAIR
348063	C1 OFFENSE REQUEST	OUTSTANDING_TRUE	Outstanding: 1
348777	C1 OFFENSE REQUEST	OUTSTANDING_TRUE	Outstanding: 1
349910	C1 OFFENSE REQUEST	OUTSTANDING_TRUE	Outstanding: 1
350148	C1 FINALIZATION	WOULD_REPAIR	Source[0].Outcome: WOULD_REPAIR
350651	C1 OFFENSE REQUEST	OUTSTANDING_TRUE	Outstanding: 1
354005	C1 OFFENSE REQUEST	OUTSTANDING_TRUE	Outstanding: 1
354873	C1 OFFENSE REQUEST	OUTSTANDING_TRUE	Outstanding: 1
355791	C1 OFFENSE REQUEST	OUTSTANDING_TRUE	Outstanding: 1
356734	C1 OFFENSE REQUEST	OUTSTANDING_TRUE	Outstanding: 1
359130	C1 OFFENSE REQUEST	OUTSTANDING_TRUE	Outstanding: 1
359223	C1-O2 OUTER BINDING	OUTSTANDING_TRUE	Outstanding: 1
359366	C1 OFFENSE REQUEST	OUTSTANDING_TRUE	Outstanding: 1
360476	C1 OFFENSE REQUEST	OUTSTANDING_TRUE	Outstanding: 1
361265	C1 OFFENSE REQUEST	OUTSTANDING_TRUE	Outstanding: 1
362029	C1 OFFENSE REQUEST	OUTSTANDING_TRUE	Outstanding: 1
364247	C1 OFFENSE REQUEST	OUTSTANDING_TRUE	Outstanding: 1
364961	C1 OFFENSE REQUEST	OUTSTANDING_TRUE	Outstanding: 1
366191	C1 OFFENSE REQUEST	OUTSTANDING_TRUE	Outstanding: 1
367032	C1 OFFENSE REQUEST	OUTSTANDING_TRUE	Outstanding: 1
367873	C1 OFFENSE REQUEST	OUTSTANDING_TRUE	Outstanding: 1
368696	C1 OFFENSE REQUEST	OUTSTANDING_TRUE	Outstanding: 1
370947	C1 OFFENSE REQUEST	OUTSTANDING_TRUE	Outstanding: 1
371797	C1 OFFENSE REQUEST	OUTSTANDING_TRUE	Outstanding: 1
372691	C1 OFFENSE REQUEST	OUTSTANDING_TRUE	Outstanding: 1
373585	C1 OFFENSE REQUEST	OUTSTANDING_TRUE	Outstanding: 1
374575	C1 OFFENSE REQUEST	OUTSTANDING_TRUE	Outstanding: 1
375845	C1 OFFENSE REQUEST	OUTSTANDING_TRUE	Outstanding: 1
376584	C1 OFFENSE REQUEST	OUTSTANDING_TRUE	Outstanding: 1
378381	C1 OFFENSE REQUEST	OUTSTANDING_TRUE	Outstanding: 1
379230	C1 OFFENSE REQUEST	OUTSTANDING_TRUE	Outstanding: 1
384840	C1 OFFENSE REQUEST	OUTSTANDING_TRUE	Outstanding: 1
386648	C1 OFFENSE REQUEST	OUTSTANDING_TRUE	Outstanding: 1
387489	C1 OFFENSE REQUEST	OUTSTANDING_TRUE	Outstanding: 1
388624	C1 OFFENSE REQUEST	OUTSTANDING_TRUE	Outstanding: 1
389813	C1 OFFENSE REQUEST	OUTSTANDING_TRUE	Outstanding: 1
389906	C1-O2 OUTER BINDING	OUTSTANDING_TRUE	Outstanding: 1
390076	C1 OFFENSE REQUEST	OUTSTANDING_TRUE	Outstanding: 1
390996	C1 OFFENSE REQUEST	OUTSTANDING_TRUE	Outstanding: 1
392624	C1 OFFENSE REQUEST	OUTSTANDING_TRUE	Outstanding: 1
392717	C1-O2 OUTER BINDING	OUTSTANDING_TRUE	Outstanding: 1
392860	C1 OFFENSE REQUEST	OUTSTANDING_TRUE	Outstanding: 1
