Line	Event
16	CORE ATTACK OWNERSHIP ANOMALY
38	CORE MARKER ANOMALY / DISCOVERY
133	CORE MARKER ANOMALY / DISCOVERY
193	CORE ATTACK OWNERSHIP ANOMALY
215	CORE MARKER ANOMALY / DISCOVERY
318	CORE MARKER ANOMALY / DISCOVERY
382	CORE MARKER ANOMALY / DISCOVERY
411	CORE MARKER ANOMALY / DISCOVERY
442	CORE ATTACK OWNERSHIP ANOMALY
465	CORE MARKER ANOMALY / DISCOVERY
562	CORE MARKER ANOMALY / DISCOVERY
625	CORE ATTACK OWNERSHIP ANOMALY
647	CORE MARKER ANOMALY / DISCOVERY
749	CORE MARKER ANOMALY / DISCOVERY
814	CORE ATTACK OWNERSHIP ANOMALY
836	CORE MARKER ANOMALY / DISCOVERY
939	CORE MARKER ANOMALY / DISCOVERY
1004	CORE ATTACK OWNERSHIP ANOMALY
1026	CORE MARKER ANOMALY / DISCOVERY
1129	CORE MARKER ANOMALY / DISCOVERY
1187	CORE ATTACK OWNERSHIP ANOMALY
1209	CORE MARKER ANOMALY / DISCOVERY
1311	CORE MARKER ANOMALY / DISCOVERY
1375	CORE ATTACK OWNERSHIP ANOMALY
1397	CORE MARKER ANOMALY / DISCOVERY
1499	CORE MARKER ANOMALY / DISCOVERY
1564	CORE ATTACK OWNERSHIP ANOMALY
1586	CORE MARKER ANOMALY / DISCOVERY
1684	CORE MARKER ANOMALY / DISCOVERY
1749	CORE ATTACK OWNERSHIP ANOMALY
1771	CORE MARKER ANOMALY / DISCOVERY
1874	CORE MARKER ANOMALY / DISCOVERY
1939	CORE ATTACK OWNERSHIP ANOMALY
1961	CORE MARKER ANOMALY / DISCOVERY
2058	CORE MARKER ANOMALY / DISCOVERY
2124	CORE ATTACK OWNERSHIP ANOMALY
2146	CORE MARKER ANOMALY / DISCOVERY
2249	CORE MARKER ANOMALY / DISCOVERY
2316	CORE MARKER ANOMALY / DISCOVERY
2414	CORE MARKER ANOMALY / DISCOVERY
2478	CORE ATTACK OWNERSHIP ANOMALY
2500	CORE MARKER ANOMALY / DISCOVERY
2603	CORE MARKER ANOMALY / DISCOVERY
2668	CORE ATTACK OWNERSHIP ANOMALY
2690	CORE MARKER ANOMALY / DISCOVERY
2793	CORE MARKER ANOMALY / DISCOVERY
2858	CORE ATTACK OWNERSHIP ANOMALY
2880	CORE MARKER ANOMALY / DISCOVERY
2983	CORE MARKER ANOMALY / DISCOVERY
3048	CORE ATTACK OWNERSHIP ANOMALY
3070	CORE MARKER ANOMALY / DISCOVERY
3168	CORE MARKER ANOMALY / DISCOVERY
3234	CORE ATTACK OWNERSHIP ANOMALY
3256	CORE MARKER ANOMALY / DISCOVERY
3354	CORE MARKER ANOMALY / DISCOVERY
3419	CORE ATTACK OWNERSHIP ANOMALY
3441	CORE MARKER ANOMALY / DISCOVERY
3539	CORE MARKER ANOMALY / DISCOVERY
3604	CORE ATTACK OWNERSHIP ANOMALY
3626	CORE MARKER ANOMALY / DISCOVERY
3723	CORE MARKER ANOMALY / DISCOVERY
3787	CORE ATTACK OWNERSHIP ANOMALY
3809	CORE MARKER ANOMALY / DISCOVERY
3911	CORE MARKER ANOMALY / DISCOVERY
3976	CORE ATTACK OWNERSHIP ANOMALY
3998	CORE MARKER ANOMALY / DISCOVERY
4101	CORE MARKER ANOMALY / DISCOVERY
4166	CORE ATTACK OWNERSHIP ANOMALY
4188	CORE MARKER ANOMALY / DISCOVERY
4290	CORE MARKER ANOMALY / DISCOVERY
4356	CORE ATTACK OWNERSHIP ANOMALY
4378	CORE MARKER ANOMALY / DISCOVERY
4475	CORE MARKER ANOMALY / DISCOVERY
4540	CORE ATTACK OWNERSHIP ANOMALY
4562	CORE MARKER ANOMALY / DISCOVERY
4664	CORE MARKER ANOMALY / DISCOVERY
4728	CORE ATTACK OWNERSHIP ANOMALY
4750	CORE MARKER ANOMALY / DISCOVERY
4852	CORE MARKER ANOMALY / DISCOVERY
4915	CORE MARKER ANOMALY / DISCOVERY
5017	CORE MARKER ANOMALY / DISCOVERY
5077	CORE ATTACK OWNERSHIP ANOMALY
5098	CORE MARKER ANOMALY / DISCOVERY
5200	CORE MARKER ANOMALY / DISCOVERY
5265	CORE ATTACK OWNERSHIP ANOMALY
5287	CORE MARKER ANOMALY / DISCOVERY
5390	CORE MARKER ANOMALY / DISCOVERY
5455	CORE ATTACK OWNERSHIP ANOMALY
5477	CORE MARKER ANOMALY / DISCOVERY
5580	CORE MARKER ANOMALY / DISCOVERY
5645	CORE ATTACK OWNERSHIP ANOMALY
5667	CORE MARKER ANOMALY / DISCOVERY
5769	CORE MARKER ANOMALY / DISCOVERY
5834	CORE ATTACK OWNERSHIP ANOMALY
5856	CORE MARKER ANOMALY / DISCOVERY
5954	CORE MARKER ANOMALY / DISCOVERY
6018	CORE ATTACK OWNERSHIP ANOMALY
6040	CORE MARKER ANOMALY / DISCOVERY
6137	CORE MARKER ANOMALY / DISCOVERY
6201	CORE ATTACK OWNERSHIP ANOMALY
6223	CORE MARKER ANOMALY / DISCOVERY
6325	CORE MARKER ANOMALY / DISCOVERY
6391	CORE ATTACK OWNERSHIP ANOMALY
6413	CORE MARKER ANOMALY / DISCOVERY
6516	CORE MARKER ANOMALY / DISCOVERY
6581	CORE ATTACK OWNERSHIP ANOMALY
6603	CORE MARKER ANOMALY / DISCOVERY
6701	CORE MARKER ANOMALY / DISCOVERY
6767	CORE ATTACK OWNERSHIP ANOMALY
6789	CORE MARKER ANOMALY / DISCOVERY
6892	CORE MARKER ANOMALY / DISCOVERY
6957	CORE ATTACK OWNERSHIP ANOMALY
6979	CORE MARKER ANOMALY / DISCOVERY
7081	CORE MARKER ANOMALY / DISCOVERY
7146	CORE ATTACK OWNERSHIP ANOMALY
7168	CORE MARKER ANOMALY / DISCOVERY
7270	CORE MARKER ANOMALY / DISCOVERY
7336	CORE ATTACK OWNERSHIP ANOMALY
7358	CORE MARKER ANOMALY / DISCOVERY
7457	CORE MARKER ANOMALY / DISCOVERY
7522	CORE ATTACK OWNERSHIP ANOMALY
7544	CORE MARKER ANOMALY / DISCOVERY
7648	CORE MARKER ANOMALY / DISCOVERY
