Line	Signal	Text
3718	RAW55_CALLBACK_BOUNDARY	CORE RAW55_NORMAL_CALLBACK_BOUNDARY Actor=Troll C1=49 SameC1=1 SameRight=1 Action=1->1 Phase=1->1 StateTime=0.559623->0.559623 StatePosition=1->1 MotionBefore=Troll_Stand_Fist_Fist_P0_Attack_Hit_N_Fwd_00_%_00_P0_100.xmot MotionAfter=Troll_Stand_Fist_Fist_P0_Attack_Hit_N_Fwd_00_%_00_P0_100.xmot Right=TrollFist RightUseType=55 RightGroup=7->7 NativeResult=1 OBSERVE_NATIVE=1
3719	RAW55_CALLBACK_BOUNDARY	CORE RAW55_NORMAL_CALLBACK_BOUNDARY Actor=Troll C1=49 SameC1=1 SameRight=1 Action=1->1 Phase=1->1 StateTime=0.567956->0.567956 StatePosition=1->1 MotionBefore=Troll_Stand_Fist_Fist_P0_Attack_Hit_N_Fwd_00_%_00_P0_100.xmot MotionAfter=Troll_Stand_Fist_Fist_P0_Attack_Hit_N_Fwd_00_%_00_P0_100.xmot Right=TrollFist RightUseType=55 RightGroup=7->7 NativeResult=1 OBSERVE_NATIVE=1
3720	RAW55_CALLBACK_BOUNDARY	CORE RAW55_NORMAL_CALLBACK_BOUNDARY Actor=Troll C1=49 SameC1=1 SameRight=1 Action=1->1 Phase=1->1 StateTime=0.577912->0.577912 StatePosition=1->1 MotionBefore=Troll_Stand_Fist_Fist_P0_Attack_Hit_N_Fwd_00_%_00_P0_100.xmot MotionAfter=Troll_Stand_Fist_Fist_P0_Attack_Hit_N_Fwd_00_%_00_P0_100.xmot Right=TrollFist RightUseType=55 RightGroup=7->7 NativeResult=1 OBSERVE_NATIVE=1
3721	RAW55_CALLBACK_BOUNDARY	CORE RAW55_NORMAL_CALLBACK_BOUNDARY Actor=Troll C1=49 SameC1=1 SameRight=1 Action=1->1 Phase=1->1 StateTime=0.586245->0.586245 StatePosition=1->1 MotionBefore=Troll_Stand_Fist_Fist_P0_Attack_Hit_N_Fwd_00_%_00_P0_100.xmot MotionAfter=Troll_Stand_Fist_Fist_P0_Attack_Hit_N_Fwd_00_%_00_P0_100.xmot Right=TrollFist RightUseType=55 RightGroup=7->7 NativeResult=1 OBSERVE_NATIVE=1
3722	RAW55_CALLBACK_BOUNDARY	CORE RAW55_NORMAL_CALLBACK_BOUNDARY Actor=Troll C1=49 SameC1=1 SameRight=1 Action=1->1 Phase=1->1 StateTime=0.596202->0.596202 StatePosition=1->1 MotionBefore=Troll_Stand_Fist_Fist_P0_Attack_Hit_N_Fwd_00_%_00_P0_100.xmot MotionAfter=Troll_Stand_Fist_Fist_P0_Attack_Hit_N_Fwd_00_%_00_P0_100.xmot Right=TrollFist RightUseType=55 RightGroup=7->7 NativeResult=1 OBSERVE_NATIVE=1
3731	AUTHORED_FIST_MARKER	MarkerName: G3AB_COL_FIST
3752	RAW55_CALLBACK_BOUNDARY	CORE RAW55_NORMAL_CALLBACK_BOUNDARY Actor=Troll C1=49 SameC1=1 SameRight=1 Action=1->1 Phase=1->1 StateTime=0.604535->0.604535 StatePosition=1->1 MotionBefore=Troll_Stand_Fist_Fist_P0_Attack_Hit_N_Fwd_00_%_00_P0_100.xmot MotionAfter=Troll_Stand_Fist_Fist_P0_Attack_Hit_N_Fwd_00_%_00_P0_100.xmot Right=TrollFist RightUseType=55 RightGroup=7->7 NativeResult=1 OBSERVE_NATIVE=1
3753	RAW55_CALLBACK_BOUNDARY	CORE RAW55_NORMAL_CALLBACK_BOUNDARY Actor=Troll C1=49 SameC1=1 SameRight=1 Action=1->1 Phase=1->1 StateTime=0.612868->0.612868 StatePosition=1->1 MotionBefore=Troll_Stand_Fist_Fist_P0_Attack_Hit_N_Fwd_00_%_00_P0_100.xmot MotionAfter=Troll_Stand_Fist_Fist_P0_Attack_Hit_N_Fwd_00_%_00_P0_100.xmot Right=TrollFist RightUseType=55 RightGroup=7->7 NativeResult=1 OBSERVE_NATIVE=1
3754	RAW55_CALLBACK_BOUNDARY	CORE RAW55_NORMAL_CALLBACK_BOUNDARY Actor=Troll C1=49 SameC1=1 SameRight=1 Action=1->1 Phase=1->1 StateTime=0.621202->0.621202 StatePosition=1->1 MotionBefore=Troll_Stand_Fist_Fist_P0_Attack_Hit_N_Fwd_00_%_00_P0_100.xmot MotionAfter=Troll_Stand_Fist_Fist_P0_Attack_Hit_N_Fwd_00_%_00_P0_100.xmot Right=TrollFist RightUseType=55 RightGroup=7->7 NativeResult=1 OBSERVE_NATIVE=1
3755	RAW55_CALLBACK_BOUNDARY	CORE RAW55_NORMAL_CALLBACK_BOUNDARY Actor=Troll C1=49 SameC1=1 SameRight=1 Action=1->1 Phase=1->1 StateTime=0.629535->0.629535 StatePosition=1->1 MotionBefore=Troll_Stand_Fist_Fist_P0_Attack_Hit_N_Fwd_00_%_00_P0_100.xmot MotionAfter=Troll_Stand_Fist_Fist_P0_Attack_Hit_N_Fwd_00_%_00_P0_100.xmot Right=TrollFist RightUseType=55 RightGroup=7->7 NativeResult=1 OBSERVE_NATIVE=1
3756	RAW55_CALLBACK_BOUNDARY	CORE RAW55_NORMAL_CALLBACK_BOUNDARY Actor=Troll C1=49 SameC1=1 SameRight=1 Action=1->1 Phase=1->1 StateTime=0.637868->0.637868 StatePosition=1->1 MotionBefore=Troll_Stand_Fist_Fist_P0_Attack_Hit_N_Fwd_00_%_00_P0_100.xmot MotionAfter=Troll_Stand_Fist_Fist_P0_Attack_Hit_N_Fwd_00_%_00_P0_100.xmot Right=TrollFist RightUseType=55 RightGroup=7->7 NativeResult=1 OBSERVE_NATIVE=1
3757	RAW55_CALLBACK_BOUNDARY	CORE RAW55_NORMAL_CALLBACK_BOUNDARY Actor=Troll C1=49 SameC1=1 SameRight=1 Action=1->1 Phase=1->1 StateTime=0.646202->0.646202 StatePosition=1->1 MotionBefore=Troll_Stand_Fist_Fist_P0_Attack_Hit_N_Fwd_00_%_00_P0_100.xmot MotionAfter=Troll_Stand_Fist_Fist_P0_Attack_Hit_N_Fwd_00_%_00_P0_100.xmot Right=TrollFist RightUseType=55 RightGroup=7->7 NativeResult=1 OBSERVE_NATIVE=1
3758	RAW55_CALLBACK_BOUNDARY	CORE RAW55_NORMAL_CALLBACK_BOUNDARY Actor=Troll C1=49 SameC1=1 SameRight=1 Action=1->1 Phase=1->1 StateTime=0.654535->0.654535 StatePosition=1->1 MotionBefore=Troll_Stand_Fist_Fist_P0_Attack_Hit_N_Fwd_00_%_00_P0_100.xmot MotionAfter=Troll_Stand_Fist_Fist_P0_Attack_Hit_N_Fwd_00_%_00_P0_100.xmot Right=TrollFist RightUseType=55 RightGroup=7->7 NativeResult=1 OBSERVE_NATIVE=1
3759	RAW55_CALLBACK_BOUNDARY	CORE RAW55_NORMAL_CALLBACK_BOUNDARY Actor=Troll C1=49 SameC1=1 SameRight=1 Action=1->1 Phase=1->1 StateTime=0.664491->0.664491 StatePosition=1->1 MotionBefore=Troll_Stand_Fist_Fist_P0_Attack_Hit_N_Fwd_00_%_00_P0_100.xmot MotionAfter=Troll_Stand_Fist_Fist_P0_Attack_Hit_N_Fwd_00_%_00_P0_100.xmot Right=TrollFist RightUseType=55 RightGroup=7->7 NativeResult=1 OBSERVE_NATIVE=1
3760	RAW55_CALLBACK_BOUNDARY	CORE RAW55_NORMAL_CALLBACK_BOUNDARY Actor=Troll C1=49 SameC1=1 SameRight=1 Action=1->1 Phase=1->1 StateTime=0.672824->0.672824 StatePosition=1->1 MotionBefore=Troll_Stand_Fist_Fist_P0_Attack_Hit_N_Fwd_00_%_00_P0_100.xmot MotionAfter=Troll_Stand_Fist_Fist_P0_Attack_Hit_N_Fwd_00_%_00_P0_100.xmot Right=TrollFist RightUseType=55 RightGroup=7->7 NativeResult=1 OBSERVE_NATIVE=1
3761	RAW55_CALLBACK_BOUNDARY	CORE RAW55_NORMAL_CALLBACK_BOUNDARY Actor=Troll C1=49 SameC1=1 SameRight=1 Action=1->1 Phase=1->1 StateTime=0.681157->0.681157 StatePosition=1->1 MotionBefore=Troll_Stand_Fist_Fist_P0_Attack_Hit_N_Fwd_00_%_00_P0_100.xmot MotionAfter=Troll_Stand_Fist_Fist_P0_Attack_Hit_N_Fwd_00_%_00_P0_100.xmot Right=TrollFist RightUseType=55 RightGroup=7->7 NativeResult=1 OBSERVE_NATIVE=1
3762	RAW55_CALLBACK_BOUNDARY	CORE RAW55_NORMAL_CALLBACK_BOUNDARY Actor=Troll C1=49 SameC1=1 SameRight=1 Action=1->1 Phase=1->1 StateTime=0.689491->0.689491 StatePosition=1->1 MotionBefore=Troll_Stand_Fist_Fist_P0_Attack_Hit_N_Fwd_00_%_00_P0_100.xmot MotionAfter=Troll_Stand_Fist_Fist_P0_Attack_Hit_N_Fwd_00_%_00_P0_100.xmot Right=TrollFist RightUseType=55 RightGroup=7->7 NativeResult=1 OBSERVE_NATIVE=1
3763	RAW55_CALLBACK_BOUNDARY	CORE RAW55_NORMAL_CALLBACK_BOUNDARY Actor=Troll C1=49 SameC1=1 SameRight=1 Action=1->1 Phase=1->1 StateTime=0.697824->0.697824 StatePosition=1->1 MotionBefore=Troll_Stand_Fist_Fist_P0_Attack_Hit_N_Fwd_00_%_00_P0_100.xmot MotionAfter=Troll_Stand_Fist_Fist_P0_Attack_Hit_N_Fwd_00_%_00_P0_100.xmot Right=TrollFist RightUseType=55 RightGroup=7->7 NativeResult=1 OBSERVE_NATIVE=1
3764	RAW55_CALLBACK_BOUNDARY	CORE RAW55_NORMAL_CALLBACK_BOUNDARY Actor=Troll C1=49 SameC1=1 SameRight=1 Action=1->1 Phase=1->1 StateTime=0.706795->0.706795 StatePosition=1->1 MotionBefore=Troll_Stand_Fist_Fist_P0_Attack_Hit_N_Fwd_00_%_00_P0_100.xmot MotionAfter=Troll_Stand_Fist_Fist_P0_Attack_Hit_N_Fwd_00_%_00_P0_100.xmot Right=TrollFist RightUseType=55 RightGroup=7->7 NativeResult=1 OBSERVE_NATIVE=1
3765	RAW55_CALLBACK_BOUNDARY	CORE RAW55_NORMAL_CALLBACK_BOUNDARY Actor=Troll C1=49 SameC1=1 SameRight=1 Action=1->1 Phase=1->1 StateTime=0.715128->0.715128 StatePosition=1->1 MotionBefore=Troll_Stand_Fist_Fist_P0_Attack_Hit_N_Fwd_00_%_00_P0_100.xmot MotionAfter=Troll_Stand_Fist_Fist_P0_Attack_Hit_N_Fwd_00_%_00_P0_100.xmot Right=TrollFist RightUseType=55 RightGroup=7->7 NativeResult=1 OBSERVE_NATIVE=1
3766	RAW55_CALLBACK_BOUNDARY	CORE RAW55_NORMAL_CALLBACK_BOUNDARY Actor=Troll C1=49 SameC1=1 SameRight=1 Action=1->1 Phase=1->1 StateTime=0.724099->0.724099 StatePosition=1->1 MotionBefore=Troll_Stand_Fist_Fist_P0_Attack_Hit_N_Fwd_00_%_00_P0_100.xmot MotionAfter=Troll_Stand_Fist_Fist_P0_Attack_Hit_N_Fwd_00_%_00_P0_100.xmot Right=TrollFist RightUseType=55 RightGroup=7->7 NativeResult=1 OBSERVE_NATIVE=1
3767	ON_DAMAGE	CORE ONDAMAGE ElapsedMs=59145.647 Ordinal=30 Target=PC_Hero Arg1=PC_Hero Arg2=PC_Hero Caller=Game.dll+0x00069484 PlayerAction=0 PlayerPhase=12 PlayerMotion=Hero_Stand_None_None_P0_Ambient_Ambient_N_Fwd_06_%_00_P0_0.xmot Raw8Fist=<none> Raw8UseType=-1 Raw8Group=-1
3768	RAW55_CALLBACK_BOUNDARY	CORE RAW55_NORMAL_CALLBACK_BOUNDARY Actor=Troll C1=49 SameC1=1 SameRight=1 Action=1->1 Phase=1->1 StateTime=0.732432->0.732432 StatePosition=1->1 MotionBefore=Troll_Stand_Fist_Fist_P0_Attack_Hit_N_Fwd_00_%_00_P0_100.xmot MotionAfter=Troll_Stand_Fist_Fist_P0_Attack_Hit_N_Fwd_00_%_00_P0_100.xmot Right=TrollFist RightUseType=55 RightGroup=7->7 NativeResult=1 OBSERVE_NATIVE=1
3772	RAW55_CALLBACK_BOUNDARY	CORE RAW55_NORMAL_CALLBACK_BOUNDARY Actor=Troll C1=49 SameC1=1 SameRight=1 Action=1->1 Phase=1->1 StateTime=0.742388->0.742388 StatePosition=1->1 MotionBefore=Troll_Stand_Fist_Fist_P0_Attack_Hit_N_Fwd_00_%_00_P0_100.xmot MotionAfter=Troll_Stand_Fist_Fist_P0_Attack_Hit_N_Fwd_00_%_00_P0_100.xmot Right=TrollFist RightUseType=55 RightGroup=7->7 NativeResult=1 OBSERVE_NATIVE=1
3773	RAW55_CALLBACK_BOUNDARY	CORE RAW55_NORMAL_CALLBACK_BOUNDARY Actor=Troll C1=49 SameC1=1 SameRight=1 Action=1->1 Phase=1->1 StateTime=0.751400->0.751400 StatePosition=1->1 MotionBefore=Troll_Stand_Fist_Fist_P0_Attack_Hit_N_Fwd_00_%_00_P0_100.xmot MotionAfter=Troll_Stand_Fist_Fist_P0_Attack_Hit_N_Fwd_00_%_00_P0_100.xmot Right=TrollFist RightUseType=55 RightGroup=7->7 NativeResult=1 OBSERVE_NATIVE=1
3774	RAW55_CALLBACK_BOUNDARY	CORE RAW55_NORMAL_CALLBACK_BOUNDARY Actor=Troll C1=49 SameC1=1 SameRight=1 Action=1->1 Phase=1->1 StateTime=0.759733->0.759733 StatePosition=1->1 MotionBefore=Troll_Stand_Fist_Fist_P0_Attack_Hit_N_Fwd_00_%_00_P0_100.xmot MotionAfter=Troll_Stand_Fist_Fist_P0_Attack_Hit_N_Fwd_00_%_00_P0_100.xmot Right=TrollFist RightUseType=55 RightGroup=7->7 NativeResult=1 OBSERVE_NATIVE=1
3775	RAW55_CALLBACK_BOUNDARY	CORE RAW55_NORMAL_CALLBACK_BOUNDARY Actor=Troll C1=49 SameC1=1 SameRight=1 Action=1->1 Phase=1->1 StateTime=0.768704->0.768704 StatePosition=1->1 MotionBefore=Troll_Stand_Fist_Fist_P0_Attack_Hit_N_Fwd_00_%_00_P0_100.xmot MotionAfter=Troll_Stand_Fist_Fist_P0_Attack_Hit_N_Fwd_00_%_00_P0_100.xmot Right=TrollFist RightUseType=55 RightGroup=7->7 NativeResult=1 OBSERVE_NATIVE=1
3776	RAW55_CALLBACK_BOUNDARY	CORE RAW55_NORMAL_CALLBACK_BOUNDARY Actor=Troll C1=49 SameC1=1 SameRight=1 Action=1->1 Phase=1->1 StateTime=0.777037->0.777037 StatePosition=1->1 MotionBefore=Troll_Stand_Fist_Fist_P0_Attack_Hit_N_Fwd_00_%_00_P0_100.xmot MotionAfter=Troll_Stand_Fist_Fist_P0_Attack_Hit_N_Fwd_00_%_00_P0_100.xmot Right=TrollFist RightUseType=55 RightGroup=7->7 NativeResult=1 OBSERVE_NATIVE=1
3777	RAW55_CALLBACK_BOUNDARY	CORE RAW55_NORMAL_CALLBACK_BOUNDARY Actor=Troll C1=49 SameC1=1 SameRight=1 Action=1->1 Phase=1->1 StateTime=0.785371->0.785371 StatePosition=1->1 MotionBefore=Troll_Stand_Fist_Fist_P0_Attack_Hit_N_Fwd_00_%_00_P0_100.xmot MotionAfter=Troll_Stand_Fist_Fist_P0_Attack_Hit_N_Fwd_00_%_00_P0_100.xmot Right=TrollFist RightUseType=55 RightGroup=7->7 NativeResult=1 OBSERVE_NATIVE=1
3778	RAW55_CALLBACK_BOUNDARY	CORE RAW55_NORMAL_CALLBACK_BOUNDARY Actor=Troll C1=49 SameC1=1 SameRight=1 Action=1->1 Phase=1->1 StateTime=0.794341->0.794341 StatePosition=1->1 MotionBefore=Troll_Stand_Fist_Fist_P0_Attack_Hit_N_Fwd_00_%_00_P0_100.xmot MotionAfter=Troll_Stand_Fist_Fist_P0_Attack_Hit_N_Fwd_00_%_00_P0_100.xmot Right=TrollFist RightUseType=55 RightGroup=7->7 NativeResult=1 OBSERVE_NATIVE=1
3779	COLLISION_GROUP	CORE COLLISION_GROUP ElapsedMs=59215.182 Source=TrollFist UseType=55 Owner=Troll Slot=RIGHT Requested=5 Before=7 After=5 MarkerBitsRetired=0
3780	C1_CLEANUP_FULFILLED	CORE C1 CLEANUP FULFILLED ElapsedMs=59215.209 Actor=Troll Generation=49 Status=PERSISTED Source=TrollFist Side=RIGHT Requests=2 Outstanding=0 CleanupObserved=1 Group=5
3781	C1_FINAL	CORE C1_FINAL ElapsedMs=59215.231 Actor=Troll Generation=49 Status=PERSISTED SourceCount=2 PhysicalChanged=0 Source[0]=TrollFist Side=RIGHT Outstanding=0 Cleanup=1 Outcome=NO_OP_NO_OUTSTANDING Source[1]=TrollFist Side=LEFT Outstanding=0 Cleanup=0 Outcome=NO_OP_NO_OUTSTANDING
3782	C1_FINAL	CORE C1_FINAL ElapsedMs=59440.919 Actor=PC_Hero Generation=50 Status=PERSISTED SourceCount=0 PhysicalChanged=0
3804	RAW55_CALLBACK_BOUNDARY	CORE RAW55_QUICK_CALLBACK_BOUNDARY Actor=Troll C1=51 SameC1=1 Action=5->5 Phase=1->1 StateTime=0.000000->0.000000 StatePosition=0->0 MotionBefore=Troll_Stand_Fist_Fist_P0_QuickAttackL_Hit_N_Fwd_00_%_00_P0_100.xmot MotionAfter=Troll_Stand_Fist_Fist_P0_QuickAttackL_Hit_N_Fwd_00_%_00_P0_100.xmot Right=TrollFist RightUseType=55 RightGroup=5->5 NativeResult=1 OBSERVE_NATIVE=1
3805	RAW55_CALLBACK_BOUNDARY	CORE RAW55_QUICK_CALLBACK_BOUNDARY Actor=Troll C1=51 SameC1=1 Action=5->5 Phase=1->1 StateTime=0.008971->0.008971 StatePosition=0->0 MotionBefore=Troll_Stand_Fist_Fist_P0_QuickAttackL_Hit_N_Fwd_00_%_00_P0_100.xmot MotionAfter=Troll_Stand_Fist_Fist_P0_QuickAttackL_Hit_N_Fwd_00_%_00_P0_100.xmot Right=TrollFist RightUseType=55 RightGroup=5->5 NativeResult=1 OBSERVE_NATIVE=1
3806	RAW55_CALLBACK_BOUNDARY	CORE RAW55_QUICK_CALLBACK_BOUNDARY Actor=Troll C1=51 SameC1=1 Action=5->5 Phase=1->1 StateTime=0.017304->0.017304 StatePosition=0->0 MotionBefore=Troll_Stand_Fist_Fist_P0_QuickAttackL_Hit_N_Fwd_00_%_00_P0_100.xmot MotionAfter=Troll_Stand_Fist_Fist_P0_QuickAttackL_Hit_N_Fwd_00_%_00_P0_100.xmot Right=TrollFist RightUseType=55 RightGroup=5->5 NativeResult=1 OBSERVE_NATIVE=1
3807	RAW55_CALLBACK_BOUNDARY	CORE RAW55_QUICK_CALLBACK_BOUNDARY Actor=Troll C1=51 SameC1=1 Action=5->5 Phase=1->1 StateTime=0.026290->0.026290 StatePosition=0->0 MotionBefore=Troll_Stand_Fist_Fist_P0_QuickAttackL_Hit_N_Fwd_00_%_00_P0_100.xmot MotionAfter=Troll_Stand_Fist_Fist_P0_QuickAttackL_Hit_N_Fwd_00_%_00_P0_100.xmot Right=TrollFist RightUseType=55 RightGroup=5->5 NativeResult=1 OBSERVE_NATIVE=1
3808	RAW55_CALLBACK_BOUNDARY	CORE RAW55_QUICK_CALLBACK_BOUNDARY Actor=Troll C1=51 SameC1=1 Action=5->5 Phase=1->1 StateTime=0.034623->0.034623 StatePosition=0->0 MotionBefore=Troll_Stand_Fist_Fist_P0_QuickAttackL_Hit_N_Fwd_00_%_00_P0_100.xmot MotionAfter=Troll_Stand_Fist_Fist_P0_QuickAttackL_Hit_N_Fwd_00_%_00_P0_100.xmot Right=TrollFist RightUseType=55 RightGroup=5->5 NativeResult=1 OBSERVE_NATIVE=1
3817	AUTHORED_FIST_MARKER	MarkerName: G3AB_COL_FIST
3837	COLLISION_GROUP	CORE COLLISION_GROUP ElapsedMs=60464.978 Source=TrollFist UseType=55 Owner=Troll Slot=RIGHT Requested=7 Before=5 After=7 MarkerBitsRetired=0
3839	CLEAR_TRIGGERED_LIST	CORE RAW55_QUICK_PRESTATE_FIST_PROBE Actor=Troll C1=51 Action=5 StatePosition=0 StateTime=0.043594 Right=TrollFist RightUseType=55 GroupBefore=5 RequestedGroup=7 GroupAfter=7 ClearTriggeredList=1 PRESTATE_FIST=1
3840	RAW55_CALLBACK_BOUNDARY	CORE RAW55_QUICK_CALLBACK_BOUNDARY Actor=Troll C1=51 SameC1=1 Action=5->5 Phase=1->1 StateTime=0.043594->0.043594 StatePosition=0->0 MotionBefore=Troll_Stand_Fist_Fist_P0_QuickAttackL_Hit_N_Fwd_00_%_00_P0_100.xmot MotionAfter=Troll_Stand_Fist_Fist_P0_QuickAttackL_Hit_N_Fwd_00_%_00_P0_100.xmot Right=TrollFist RightUseType=55 RightGroup=7->7 NativeResult=1 OBSERVE_NATIVE=1
3841	RAW55_CALLBACK_BOUNDARY	CORE RAW55_QUICK_CALLBACK_BOUNDARY Actor=Troll C1=51 SameC1=1 Action=5->5 Phase=1->1 StateTime=0.051927->0.051927 StatePosition=0->0 MotionBefore=Troll_Stand_Fist_Fist_P0_QuickAttackL_Hit_N_Fwd_00_%_00_P0_100.xmot MotionAfter=Troll_Stand_Fist_Fist_P0_QuickAttackL_Hit_N_Fwd_00_%_00_P0_100.xmot Right=TrollFist RightUseType=55 RightGroup=7->7 NativeResult=1 OBSERVE_NATIVE=1
3842	RAW55_CALLBACK_BOUNDARY	CORE RAW55_QUICK_CALLBACK_BOUNDARY Actor=Troll C1=51 SameC1=1 Action=5->5 Phase=1->1 StateTime=0.060260->0.060260 StatePosition=0->0 MotionBefore=Troll_Stand_Fist_Fist_P0_QuickAttackL_Hit_N_Fwd_00_%_00_P0_100.xmot MotionAfter=Troll_Stand_Fist_Fist_P0_QuickAttackL_Hit_N_Fwd_00_%_00_P0_100.xmot Right=TrollFist RightUseType=55 RightGroup=7->7 NativeResult=1 OBSERVE_NATIVE=1
3843	RAW55_CALLBACK_BOUNDARY	CORE RAW55_QUICK_CALLBACK_BOUNDARY Actor=Troll C1=51 SameC1=1 Action=5->5 Phase=1->1 StateTime=0.071202->0.071202 StatePosition=0->0 MotionBefore=Troll_Stand_Fist_Fist_P0_QuickAttackL_Hit_N_Fwd_00_%_00_P0_100.xmot MotionAfter=Troll_Stand_Fist_Fist_P0_QuickAttackL_Hit_N_Fwd_00_%_00_P0_100.xmot Right=TrollFist RightUseType=55 RightGroup=7->7 NativeResult=1 OBSERVE_NATIVE=1
3844	RAW55_CALLBACK_BOUNDARY	CORE RAW55_QUICK_CALLBACK_BOUNDARY Actor=Troll C1=51 SameC1=1 Action=5->5 Phase=1->1 StateTime=0.079535->0.079535 StatePosition=0->0 MotionBefore=Troll_Stand_Fist_Fist_P0_QuickAttackL_Hit_N_Fwd_00_%_00_P0_100.xmot MotionAfter=Troll_Stand_Fist_Fist_P0_QuickAttackL_Hit_N_Fwd_00_%_00_P0_100.xmot Right=TrollFist RightUseType=55 RightGroup=7->7 NativeResult=1 OBSERVE_NATIVE=1
3845	RAW55_CALLBACK_BOUNDARY	CORE RAW55_QUICK_CALLBACK_BOUNDARY Actor=Troll C1=51 SameC1=1 Action=5->5 Phase=1->1 StateTime=0.089491->0.089491 StatePosition=0->0 MotionBefore=Troll_Stand_Fist_Fist_P0_QuickAttackL_Hit_N_Fwd_00_%_00_P0_100.xmot MotionAfter=Troll_Stand_Fist_Fist_P0_QuickAttackL_Hit_N_Fwd_00_%_00_P0_100.xmot Right=TrollFist RightUseType=55 RightGroup=7->7 NativeResult=1 OBSERVE_NATIVE=1
3846	RAW55_CALLBACK_BOUNDARY	CORE RAW55_QUICK_CALLBACK_BOUNDARY Actor=Troll C1=51 SameC1=1 Action=5->5 Phase=1->1 StateTime=0.097825->0.097825 StatePosition=0->0 MotionBefore=Troll_Stand_Fist_Fist_P0_QuickAttackL_Hit_N_Fwd_00_%_00_P0_100.xmot MotionAfter=Troll_Stand_Fist_Fist_P0_QuickAttackL_Hit_N_Fwd_00_%_00_P0_100.xmot Right=TrollFist RightUseType=55 RightGroup=7->7 NativeResult=1 OBSERVE_NATIVE=1
3847	COLLISION_GROUP	CORE COLLISION_GROUP ElapsedMs=60533.061 Source=TrollFist UseType=55 Owner=Troll Slot=RIGHT Requested=7 Before=7 After=7 MarkerBitsRetired=0
3849	RAW55_CALLBACK_BOUNDARY	CORE RAW55_QUICK_CALLBACK_BOUNDARY Actor=Troll C1=51 SameC1=1 Action=5->5 Phase=1->1 StateTime=0.106810->0.106810 StatePosition=0->1 MotionBefore=Troll_Stand_Fist_Fist_P0_QuickAttackL_Hit_N_Fwd_00_%_00_P0_100.xmot MotionAfter=Troll_Stand_Fist_Fist_P0_QuickAttackL_Hit_N_Fwd_00_%_00_P0_100.xmot Right=TrollFist RightUseType=55 RightGroup=7->7 NativeResult=1 OBSERVE_NATIVE=1
3850	RAW55_CALLBACK_BOUNDARY	CORE RAW55_QUICK_CALLBACK_BOUNDARY Actor=Troll C1=51 SameC1=1 Action=5->5 Phase=1->1 StateTime=0.115143->0.115143 StatePosition=1->1 MotionBefore=Troll_Stand_Fist_Fist_P0_QuickAttackL_Hit_N_Fwd_00_%_00_P0_100.xmot MotionAfter=Troll_Stand_Fist_Fist_P0_QuickAttackL_Hit_N_Fwd_00_%_00_P0_100.xmot Right=TrollFist RightUseType=55 RightGroup=7->7 NativeResult=1 OBSERVE_NATIVE=1
3851	RAW55_CALLBACK_BOUNDARY	CORE RAW55_QUICK_CALLBACK_BOUNDARY Actor=Troll C1=51 SameC1=1 Action=5->5 Phase=1->1 StateTime=0.123477->0.123477 StatePosition=1->1 MotionBefore=Troll_Stand_Fist_Fist_P0_QuickAttackL_Hit_N_Fwd_00_%_00_P0_100.xmot MotionAfter=Troll_Stand_Fist_Fist_P0_QuickAttackL_Hit_N_Fwd_00_%_00_P0_100.xmot Right=TrollFist RightUseType=55 RightGroup=7->7 NativeResult=1 OBSERVE_NATIVE=1
3852	RAW55_CALLBACK_BOUNDARY	CORE RAW55_QUICK_CALLBACK_BOUNDARY Actor=Troll C1=51 SameC1=1 Action=5->5 Phase=1->1 StateTime=0.131810->0.131810 StatePosition=1->1 MotionBefore=Troll_Stand_Fist_Fist_P0_QuickAttackL_Hit_N_Fwd_00_%_00_P0_100.xmot MotionAfter=Troll_Stand_Fist_Fist_P0_QuickAttackL_Hit_N_Fwd_00_%_00_P0_100.xmot Right=TrollFist RightUseType=55 RightGroup=7->7 NativeResult=1 OBSERVE_NATIVE=1
3853	RAW55_CALLBACK_BOUNDARY	CORE RAW55_QUICK_CALLBACK_BOUNDARY Actor=Troll C1=51 SameC1=1 Action=5->5 Phase=1->1 StateTime=0.140143->0.140143 StatePosition=1->1 MotionBefore=Troll_Stand_Fist_Fist_P0_QuickAttackL_Hit_N_Fwd_00_%_00_P0_100.xmot MotionAfter=Troll_Stand_Fist_Fist_P0_QuickAttackL_Hit_N_Fwd_00_%_00_P0_100.xmot Right=TrollFist RightUseType=55 RightGroup=7->7 NativeResult=1 OBSERVE_NATIVE=1
3854	RAW55_CALLBACK_BOUNDARY	CORE RAW55_QUICK_CALLBACK_BOUNDARY Actor=Troll C1=51 SameC1=1 Action=5->5 Phase=1->1 StateTime=0.149129->0.149129 StatePosition=1->1 MotionBefore=Troll_Stand_Fist_Fist_P0_QuickAttackL_Hit_N_Fwd_00_%_00_P0_100.xmot MotionAfter=Troll_Stand_Fist_Fist_P0_QuickAttackL_Hit_N_Fwd_00_%_00_P0_100.xmot Right=TrollFist RightUseType=55 RightGroup=7->7 NativeResult=1 OBSERVE_NATIVE=1
3855	RAW55_CALLBACK_BOUNDARY	CORE RAW55_QUICK_CALLBACK_BOUNDARY Actor=Troll C1=51 SameC1=1 Action=5->5 Phase=1->1 StateTime=0.157462->0.157462 StatePosition=1->1 MotionBefore=Troll_Stand_Fist_Fist_P0_QuickAttackL_Hit_N_Fwd_00_%_00_P0_100.xmot MotionAfter=Troll_Stand_Fist_Fist_P0_QuickAttackL_Hit_N_Fwd_00_%_00_P0_100.xmot Right=TrollFist RightUseType=55 RightGroup=7->7 NativeResult=1 OBSERVE_NATIVE=1
3856	RAW55_CALLBACK_BOUNDARY	CORE RAW55_QUICK_CALLBACK_BOUNDARY Actor=Troll C1=51 SameC1=1 Action=5->5 Phase=1->1 StateTime=0.165795->0.165795 StatePosition=1->1 MotionBefore=Troll_Stand_Fist_Fist_P0_QuickAttackL_Hit_N_Fwd_00_%_00_P0_100.xmot MotionAfter=Troll_Stand_Fist_Fist_P0_QuickAttackL_Hit_N_Fwd_00_%_00_P0_100.xmot Right=TrollFist RightUseType=55 RightGroup=7->7 NativeResult=1 OBSERVE_NATIVE=1
3857	RAW55_CALLBACK_BOUNDARY	CORE RAW55_QUICK_CALLBACK_BOUNDARY Actor=Troll C1=51 SameC1=1 Action=5->5 Phase=1->1 StateTime=0.174129->0.174129 StatePosition=1->1 MotionBefore=Troll_Stand_Fist_Fist_P0_QuickAttackL_Hit_N_Fwd_00_%_00_P0_100.xmot MotionAfter=Troll_Stand_Fist_Fist_P0_QuickAttackL_Hit_N_Fwd_00_%_00_P0_100.xmot Right=TrollFist RightUseType=55 RightGroup=7->7 NativeResult=1 OBSERVE_NATIVE=1
3858	RAW55_CALLBACK_BOUNDARY	CORE RAW55_QUICK_CALLBACK_BOUNDARY Actor=Troll C1=51 SameC1=1 Action=5->5 Phase=1->1 StateTime=0.182462->0.182462 StatePosition=1->1 MotionBefore=Troll_Stand_Fist_Fist_P0_QuickAttackL_Hit_N_Fwd_00_%_00_P0_100.xmot MotionAfter=Troll_Stand_Fist_Fist_P0_QuickAttackL_Hit_N_Fwd_00_%_00_P0_100.xmot Right=TrollFist RightUseType=55 RightGroup=7->7 NativeResult=1 OBSERVE_NATIVE=1
3859	RAW55_CALLBACK_BOUNDARY	CORE RAW55_QUICK_CALLBACK_BOUNDARY Actor=Troll C1=51 SameC1=1 Action=5->5 Phase=1->1 StateTime=0.191433->0.191433 StatePosition=1->1 MotionBefore=Troll_Stand_Fist_Fist_P0_QuickAttackL_Hit_N_Fwd_00_%_00_P0_100.xmot MotionAfter=Troll_Stand_Fist_Fist_P0_QuickAttackL_Hit_N_Fwd_00_%_00_P0_100.xmot Right=TrollFist RightUseType=55 RightGroup=7->7 NativeResult=1 OBSERVE_NATIVE=1
3860	RAW55_CALLBACK_BOUNDARY	CORE RAW55_QUICK_CALLBACK_BOUNDARY Actor=Troll C1=51 SameC1=1 Action=5->5 Phase=1->1 StateTime=0.199766->0.199766 StatePosition=1->1 MotionBefore=Troll_Stand_Fist_Fist_P0_QuickAttackL_Hit_N_Fwd_00_%_00_P0_100.xmot MotionAfter=Troll_Stand_Fist_Fist_P0_QuickAttackL_Hit_N_Fwd_00_%_00_P0_100.xmot Right=TrollFist RightUseType=55 RightGroup=7->7 NativeResult=1 OBSERVE_NATIVE=1
3861	RAW55_CALLBACK_BOUNDARY	CORE RAW55_QUICK_CALLBACK_BOUNDARY Actor=Troll C1=51 SameC1=1 Action=5->5 Phase=1->1 StateTime=0.208099->0.208099 StatePosition=1->1 MotionBefore=Troll_Stand_Fist_Fist_P0_QuickAttackL_Hit_N_Fwd_00_%_00_P0_100.xmot MotionAfter=Troll_Stand_Fist_Fist_P0_QuickAttackL_Hit_N_Fwd_00_%_00_P0_100.xmot Right=TrollFist RightUseType=55 RightGroup=7->7 NativeResult=1 OBSERVE_NATIVE=1
3862	RAW55_CALLBACK_BOUNDARY	CORE RAW55_QUICK_CALLBACK_BOUNDARY Actor=Troll C1=51 SameC1=1 Action=5->5 Phase=1->1 StateTime=0.216433->0.216433 StatePosition=1->1 MotionBefore=Troll_Stand_Fist_Fist_P0_QuickAttackL_Hit_N_Fwd_00_%_00_P0_100.xmot MotionAfter=Troll_Stand_Fist_Fist_P0_QuickAttackL_Hit_N_Fwd_00_%_00_P0_100.xmot Right=TrollFist RightUseType=55 RightGroup=7->7 NativeResult=1 OBSERVE_NATIVE=1
3863	RAW55_CALLBACK_BOUNDARY	CORE RAW55_QUICK_CALLBACK_BOUNDARY Actor=Troll C1=51 SameC1=1 Action=5->5 Phase=1->1 StateTime=0.226389->0.226389 StatePosition=1->1 MotionBefore=Troll_Stand_Fist_Fist_P0_QuickAttackL_Hit_N_Fwd_00_%_00_P0_100.xmot MotionAfter=Troll_Stand_Fist_Fist_P0_QuickAttackL_Hit_N_Fwd_00_%_00_P0_100.xmot Right=TrollFist RightUseType=55 RightGroup=7->7 NativeResult=1 OBSERVE_NATIVE=1
3864	RAW55_CALLBACK_BOUNDARY	CORE RAW55_QUICK_CALLBACK_BOUNDARY Actor=Troll C1=51 SameC1=1 Action=5->5 Phase=1->1 StateTime=0.234722->0.234722 StatePosition=1->1 MotionBefore=Troll_Stand_Fist_Fist_P0_QuickAttackL_Hit_N_Fwd_00_%_00_P0_100.xmot MotionAfter=Troll_Stand_Fist_Fist_P0_QuickAttackL_Hit_N_Fwd_00_%_00_P0_100.xmot Right=TrollFist RightUseType=55 RightGroup=7->7 NativeResult=1 OBSERVE_NATIVE=1
3865	RAW55_CALLBACK_BOUNDARY	CORE RAW55_QUICK_CALLBACK_BOUNDARY Actor=Troll C1=51 SameC1=1 Action=5->5 Phase=1->1 StateTime=0.243055->0.243055 StatePosition=1->1 MotionBefore=Troll_Stand_Fist_Fist_P0_QuickAttackL_Hit_N_Fwd_00_%_00_P0_100.xmot MotionAfter=Troll_Stand_Fist_Fist_P0_QuickAttackL_Hit_N_Fwd_00_%_00_P0_100.xmot Right=TrollFist RightUseType=55 RightGroup=7->7 NativeResult=1 OBSERVE_NATIVE=1
3866	ON_DAMAGE	CORE ONDAMAGE ElapsedMs=60663.146 Ordinal=31 Target=PC_Hero Arg1=PC_Hero Arg2=PC_Hero Caller=Game.dll+0x00069484 PlayerAction=0 PlayerPhase=12 PlayerMotion=Hero_Stand_None_None_P0_Move_Turn90_N_Right_00_%_00_P0_0.xmot Raw8Fist=<none> Raw8UseType=-1 Raw8Group=-1
3867	RAW55_CALLBACK_BOUNDARY	CORE RAW55_QUICK_CALLBACK_BOUNDARY Actor=Troll C1=51 SameC1=1 Action=5->5 Phase=1->1 StateTime=0.251389->0.251389 StatePosition=1->1 MotionBefore=Troll_Stand_Fist_Fist_P0_QuickAttackL_Hit_N_Fwd_00_%_00_P0_100.xmot MotionAfter=Troll_Stand_Fist_Fist_P0_QuickAttackL_Hit_N_Fwd_00_%_00_P0_100.xmot Right=TrollFist RightUseType=55 RightGroup=7->7 NativeResult=1 OBSERVE_NATIVE=1
3871	RAW55_CALLBACK_BOUNDARY	CORE RAW55_QUICK_CALLBACK_BOUNDARY Actor=Troll C1=51 SameC1=1 Action=5->5 Phase=1->1 StateTime=0.260359->0.260359 StatePosition=1->1 MotionBefore=Troll_Stand_Fist_Fist_P0_QuickAttackL_Hit_N_Fwd_00_%_00_P0_100.xmot MotionAfter=Troll_Stand_Fist_Fist_P0_QuickAttackL_Hit_N_Fwd_00_%_00_P0_100.xmot Right=TrollFist RightUseType=55 RightGroup=7->7 NativeResult=1 OBSERVE_NATIVE=1
3872	RAW55_CALLBACK_BOUNDARY	CORE RAW55_QUICK_CALLBACK_BOUNDARY Actor=Troll C1=51 SameC1=1 Action=5->5 Phase=1->1 StateTime=0.270345->0.270345 StatePosition=1->1 MotionBefore=Troll_Stand_Fist_Fist_P0_QuickAttackL_Hit_N_Fwd_00_%_00_P0_100.xmot MotionAfter=Troll_Stand_Fist_Fist_P0_QuickAttackL_Hit_N_Fwd_00_%_00_P0_100.xmot Right=TrollFist RightUseType=55 RightGroup=7->7 NativeResult=1 OBSERVE_NATIVE=1
3873	RAW55_CALLBACK_BOUNDARY	CORE RAW55_QUICK_CALLBACK_BOUNDARY Actor=Troll C1=51 SameC1=1 Action=5->5 Phase=1->1 StateTime=0.278678->0.278678 StatePosition=1->1 MotionBefore=Troll_Stand_Fist_Fist_P0_QuickAttackL_Hit_N_Fwd_00_%_00_P0_100.xmot MotionAfter=Troll_Stand_Fist_Fist_P0_QuickAttackL_Hit_N_Fwd_00_%_00_P0_100.xmot Right=TrollFist RightUseType=55 RightGroup=7->7 NativeResult=1 OBSERVE_NATIVE=1
3874	RAW55_CALLBACK_BOUNDARY	CORE RAW55_QUICK_CALLBACK_BOUNDARY Actor=Troll C1=51 SameC1=1 Action=5->5 Phase=1->1 StateTime=0.287649->0.287649 StatePosition=1->1 MotionBefore=Troll_Stand_Fist_Fist_P0_QuickAttackL_Hit_N_Fwd_00_%_00_P0_100.xmot MotionAfter=Troll_Stand_Fist_Fist_P0_QuickAttackL_Hit_N_Fwd_00_%_00_P0_100.xmot Right=TrollFist RightUseType=55 RightGroup=7->7 NativeResult=1 OBSERVE_NATIVE=1
3875	RAW55_CALLBACK_BOUNDARY	CORE RAW55_QUICK_CALLBACK_BOUNDARY Actor=Troll C1=51 SameC1=1 Action=5->5 Phase=1->1 StateTime=0.295983->0.295983 StatePosition=1->1 MotionBefore=Troll_Stand_Fist_Fist_P0_QuickAttackL_Hit_N_Fwd_00_%_00_P0_100.xmot MotionAfter=Troll_Stand_Fist_Fist_P0_QuickAttackL_Hit_N_Fwd_00_%_00_P0_100.xmot Right=TrollFist RightUseType=55 RightGroup=7->7 NativeResult=1 OBSERVE_NATIVE=1
3876	RAW55_CALLBACK_BOUNDARY	CORE RAW55_QUICK_CALLBACK_BOUNDARY Actor=Troll C1=51 SameC1=1 Action=5->5 Phase=1->1 StateTime=0.304954->0.304954 StatePosition=1->1 MotionBefore=Troll_Stand_Fist_Fist_P0_QuickAttackL_Hit_N_Fwd_00_%_00_P0_100.xmot MotionAfter=Troll_Stand_Fist_Fist_P0_QuickAttackL_Hit_N_Fwd_00_%_00_P0_100.xmot Right=TrollFist RightUseType=55 RightGroup=7->7 NativeResult=1 OBSERVE_NATIVE=1
3877	RAW55_CALLBACK_BOUNDARY	CORE RAW55_QUICK_CALLBACK_BOUNDARY Actor=Troll C1=51 SameC1=1 Action=5->5 Phase=1->1 StateTime=0.313287->0.313287 StatePosition=1->1 MotionBefore=Troll_Stand_Fist_Fist_P0_QuickAttackL_Hit_N_Fwd_00_%_00_P0_100.xmot MotionAfter=Troll_Stand_Fist_Fist_P0_QuickAttackL_Hit_N_Fwd_00_%_00_P0_100.xmot Right=TrollFist RightUseType=55 RightGroup=7->7 NativeResult=1 OBSERVE_NATIVE=1
3878	RAW55_CALLBACK_BOUNDARY	CORE RAW55_QUICK_CALLBACK_BOUNDARY Actor=Troll C1=51 SameC1=1 Action=5->5 Phase=1->1 StateTime=0.321620->0.321620 StatePosition=1->1 MotionBefore=Troll_Stand_Fist_Fist_P0_QuickAttackL_Hit_N_Fwd_00_%_00_P0_100.xmot MotionAfter=Troll_Stand_Fist_Fist_P0_QuickAttackL_Hit_N_Fwd_00_%_00_P0_100.xmot Right=TrollFist RightUseType=55 RightGroup=7->7 NativeResult=1 OBSERVE_NATIVE=1
3879	RAW55_CALLBACK_BOUNDARY	CORE RAW55_QUICK_CALLBACK_BOUNDARY Actor=Troll C1=51 SameC1=1 Action=5->5 Phase=1->1 StateTime=0.330591->0.330591 StatePosition=1->1 MotionBefore=Troll_Stand_Fist_Fist_P0_QuickAttackL_Hit_N_Fwd_00_%_00_P0_100.xmot MotionAfter=Troll_Stand_Fist_Fist_P0_QuickAttackL_Hit_N_Fwd_00_%_00_P0_100.xmot Right=TrollFist RightUseType=55 RightGroup=7->7 NativeResult=1 OBSERVE_NATIVE=1
3880	RAW55_CALLBACK_BOUNDARY	CORE RAW55_QUICK_CALLBACK_BOUNDARY Actor=Troll C1=51 SameC1=1 Action=5->5 Phase=1->1 StateTime=0.338924->0.338924 StatePosition=1->1 MotionBefore=Troll_Stand_Fist_Fist_P0_QuickAttackL_Hit_N_Fwd_00_%_00_P0_100.xmot MotionAfter=Troll_Stand_Fist_Fist_P0_QuickAttackL_Hit_N_Fwd_00_%_00_P0_100.xmot Right=TrollFist RightUseType=55 RightGroup=7->7 NativeResult=1 OBSERVE_NATIVE=1
3881	RAW55_CALLBACK_BOUNDARY	CORE RAW55_QUICK_CALLBACK_BOUNDARY Actor=Troll C1=51 SameC1=1 Action=5->5 Phase=1->1 StateTime=0.348880->0.348880 StatePosition=1->1 MotionBefore=Troll_Stand_Fist_Fist_P0_QuickAttackL_Hit_N_Fwd_00_%_00_P0_100.xmot MotionAfter=Troll_Stand_Fist_Fist_P0_QuickAttackL_Hit_N_Fwd_00_%_00_P0_100.xmot Right=TrollFist RightUseType=55 RightGroup=7->7 NativeResult=1 OBSERVE_NATIVE=1
3882	RAW55_CALLBACK_BOUNDARY	CORE RAW55_QUICK_CALLBACK_BOUNDARY Actor=Troll C1=51 SameC1=1 Action=5->5 Phase=1->1 StateTime=0.357214->0.357214 StatePosition=1->1 MotionBefore=Troll_Stand_Fist_Fist_P0_QuickAttackL_Hit_N_Fwd_00_%_00_P0_100.xmot MotionAfter=Troll_Stand_Fist_Fist_P0_QuickAttackL_Hit_N_Fwd_00_%_00_P0_100.xmot Right=TrollFist RightUseType=55 RightGroup=7->7 NativeResult=1 OBSERVE_NATIVE=1
3883	RAW55_CALLBACK_BOUNDARY	CORE RAW55_QUICK_CALLBACK_BOUNDARY Actor=Troll C1=51 SameC1=1 Action=5->5 Phase=1->1 StateTime=0.365547->0.365547 StatePosition=1->1 MotionBefore=Troll_Stand_Fist_Fist_P0_QuickAttackL_Hit_N_Fwd_00_%_00_P0_100.xmot MotionAfter=Troll_Stand_Fist_Fist_P0_QuickAttackL_Hit_N_Fwd_00_%_00_P0_100.xmot Right=TrollFist RightUseType=55 RightGroup=7->7 NativeResult=1 OBSERVE_NATIVE=1
3884	RAW55_CALLBACK_BOUNDARY	CORE RAW55_QUICK_CALLBACK_BOUNDARY Actor=Troll C1=51 SameC1=1 Action=5->5 Phase=1->1 StateTime=0.373880->0.373880 StatePosition=1->1 MotionBefore=Troll_Stand_Fist_Fist_P0_QuickAttackL_Hit_N_Fwd_00_%_00_P0_100.xmot MotionAfter=Troll_Stand_Fist_Fist_P0_QuickAttackL_Hit_N_Fwd_00_%_00_P0_100.xmot Right=TrollFist RightUseType=55 RightGroup=7->7 NativeResult=1 OBSERVE_NATIVE=1
3885	RAW55_CALLBACK_BOUNDARY	CORE RAW55_QUICK_CALLBACK_BOUNDARY Actor=Troll C1=51 SameC1=1 Action=5->5 Phase=1->1 StateTime=0.382214->0.382214 StatePosition=1->1 MotionBefore=Troll_Stand_Fist_Fist_P0_QuickAttackL_Hit_N_Fwd_00_%_00_P0_100.xmot MotionAfter=Troll_Stand_Fist_Fist_P0_QuickAttackL_Hit_N_Fwd_00_%_00_P0_100.xmot Right=TrollFist RightUseType=55 RightGroup=7->7 NativeResult=1 OBSERVE_NATIVE=1
3886	RAW55_CALLBACK_BOUNDARY	CORE RAW55_QUICK_CALLBACK_BOUNDARY Actor=Troll C1=51 SameC1=1 Action=5->5 Phase=1->1 StateTime=0.392170->0.392170 StatePosition=1->1 MotionBefore=Troll_Stand_Fist_Fist_P0_QuickAttackL_Hit_N_Fwd_00_%_00_P0_100.xmot MotionAfter=Troll_Stand_Fist_Fist_P0_QuickAttackL_Hit_N_Fwd_00_%_00_P0_100.xmot Right=TrollFist RightUseType=55 RightGroup=7->7 NativeResult=1 OBSERVE_NATIVE=1
3887	RAW55_CALLBACK_BOUNDARY	CORE RAW55_QUICK_CALLBACK_BOUNDARY Actor=Troll C1=51 SameC1=1 Action=5->5 Phase=1->1 StateTime=0.400503->0.400503 StatePosition=1->1 MotionBefore=Troll_Stand_Fist_Fist_P0_QuickAttackL_Hit_N_Fwd_00_%_00_P0_100.xmot MotionAfter=Troll_Stand_Fist_Fist_P0_QuickAttackL_Hit_N_Fwd_00_%_00_P0_100.xmot Right=TrollFist RightUseType=55 RightGroup=7->7 NativeResult=1 OBSERVE_NATIVE=1
3888	RAW55_CALLBACK_BOUNDARY	CORE RAW55_QUICK_CALLBACK_BOUNDARY Actor=Troll C1=51 SameC1=1 Action=5->5 Phase=1->1 StateTime=0.408836->0.408836 StatePosition=1->1 MotionBefore=Troll_Stand_Fist_Fist_P0_QuickAttackL_Hit_N_Fwd_00_%_00_P0_100.xmot MotionAfter=Troll_Stand_Fist_Fist_P0_QuickAttackL_Hit_N_Fwd_00_%_00_P0_100.xmot Right=TrollFist RightUseType=55 RightGroup=7->7 NativeResult=1 OBSERVE_NATIVE=1
3889	RAW55_CALLBACK_BOUNDARY	CORE RAW55_QUICK_CALLBACK_BOUNDARY Actor=Troll C1=51 SameC1=1 Action=5->5 Phase=1->1 StateTime=0.417807->0.417807 StatePosition=1->1 MotionBefore=Troll_Stand_Fist_Fist_P0_QuickAttackL_Hit_N_Fwd_00_%_00_P0_100.xmot MotionAfter=Troll_Stand_Fist_Fist_P0_QuickAttackL_Hit_N_Fwd_00_%_00_P0_100.xmot Right=TrollFist RightUseType=55 RightGroup=7->7 NativeResult=1 OBSERVE_NATIVE=1
3890	RAW55_CALLBACK_BOUNDARY	CORE RAW55_QUICK_CALLBACK_BOUNDARY Actor=Troll C1=51 SameC1=1 Action=5->5 Phase=1->1 StateTime=0.426140->0.426140 StatePosition=1->1 MotionBefore=Troll_Stand_Fist_Fist_P0_QuickAttackL_Hit_N_Fwd_00_%_00_P0_100.xmot MotionAfter=Troll_Stand_Fist_Fist_P0_QuickAttackL_Hit_N_Fwd_00_%_00_P0_100.xmot Right=TrollFist RightUseType=55 RightGroup=7->7 NativeResult=1 OBSERVE_NATIVE=1
3891	RAW55_CALLBACK_BOUNDARY	CORE RAW55_QUICK_CALLBACK_BOUNDARY Actor=Troll C1=51 SameC1=1 Action=5->5 Phase=1->1 StateTime=0.434474->0.434474 StatePosition=1->1 MotionBefore=Troll_Stand_Fist_Fist_P0_QuickAttackL_Hit_N_Fwd_00_%_00_P0_100.xmot MotionAfter=Troll_Stand_Fist_Fist_P0_QuickAttackL_Hit_N_Fwd_00_%_00_P0_100.xmot Right=TrollFist RightUseType=55 RightGroup=7->7 NativeResult=1 OBSERVE_NATIVE=1
3892	RAW55_CALLBACK_BOUNDARY	CORE RAW55_QUICK_CALLBACK_BOUNDARY Actor=Troll C1=51 SameC1=1 Action=5->5 Phase=1->1 StateTime=0.442807->0.442807 StatePosition=1->1 MotionBefore=Troll_Stand_Fist_Fist_P0_QuickAttackL_Hit_N_Fwd_00_%_00_P0_100.xmot MotionAfter=Troll_Stand_Fist_Fist_P0_QuickAttackL_Hit_N_Fwd_00_%_00_P0_100.xmot Right=TrollFist RightUseType=55 RightGroup=7->7 NativeResult=1 OBSERVE_NATIVE=1
3893	RAW55_CALLBACK_BOUNDARY	CORE RAW55_QUICK_CALLBACK_BOUNDARY Actor=Troll C1=51 SameC1=1 Action=5->5 Phase=1->1 StateTime=0.451140->0.451140 StatePosition=1->1 MotionBefore=Troll_Stand_Fist_Fist_P0_QuickAttackL_Hit_N_Fwd_00_%_00_P0_100.xmot MotionAfter=Troll_Stand_Fist_Fist_P0_QuickAttackL_Hit_N_Fwd_00_%_00_P0_100.xmot Right=TrollFist RightUseType=55 RightGroup=7->7 NativeResult=1 OBSERVE_NATIVE=1
3894	RAW55_CALLBACK_BOUNDARY	CORE RAW55_QUICK_CALLBACK_BOUNDARY Actor=Troll C1=51 SameC1=1 Action=5->5 Phase=1->1 StateTime=0.459474->0.459474 StatePosition=1->1 MotionBefore=Troll_Stand_Fist_Fist_P0_QuickAttackL_Hit_N_Fwd_00_%_00_P0_100.xmot MotionAfter=Troll_Stand_Fist_Fist_P0_QuickAttackL_Hit_N_Fwd_00_%_00_P0_100.xmot Right=TrollFist RightUseType=55 RightGroup=7->7 NativeResult=1 OBSERVE_NATIVE=1
3895	RAW55_CALLBACK_BOUNDARY	CORE RAW55_QUICK_CALLBACK_BOUNDARY Actor=Troll C1=51 SameC1=1 Action=5->5 Phase=1->1 StateTime=0.468444->0.468444 StatePosition=1->1 MotionBefore=Troll_Stand_Fist_Fist_P0_QuickAttackL_Hit_N_Fwd_00_%_00_P0_100.xmot MotionAfter=Troll_Stand_Fist_Fist_P0_QuickAttackL_Hit_N_Fwd_00_%_00_P0_100.xmot Right=TrollFist RightUseType=55 RightGroup=7->7 NativeResult=1 OBSERVE_NATIVE=1
3896	RAW55_CALLBACK_BOUNDARY	CORE RAW55_QUICK_CALLBACK_BOUNDARY Actor=Troll C1=51 SameC1=1 Action=5->5 Phase=1->1 StateTime=0.476778->0.476778 StatePosition=1->1 MotionBefore=Troll_Stand_Fist_Fist_P0_QuickAttackL_Hit_N_Fwd_00_%_00_P0_100.xmot MotionAfter=Troll_Stand_Fist_Fist_P0_QuickAttackL_Hit_N_Fwd_00_%_00_P0_100.xmot Right=TrollFist RightUseType=55 RightGroup=7->7 NativeResult=1 OBSERVE_NATIVE=1
3897	RAW55_CALLBACK_BOUNDARY	CORE RAW55_QUICK_CALLBACK_BOUNDARY Actor=Troll C1=51 SameC1=1 Action=5->5 Phase=1->1 StateTime=0.485111->0.485111 StatePosition=1->1 MotionBefore=Troll_Stand_Fist_Fist_P0_QuickAttackL_Hit_N_Fwd_00_%_00_P0_100.xmot MotionAfter=Troll_Stand_Fist_Fist_P0_QuickAttackL_Hit_N_Fwd_00_%_00_P0_100.xmot Right=TrollFist RightUseType=55 RightGroup=7->7 NativeResult=1 OBSERVE_NATIVE=1
3898	RAW55_CALLBACK_BOUNDARY	CORE RAW55_QUICK_CALLBACK_BOUNDARY Actor=Troll C1=51 SameC1=1 Action=5->5 Phase=1->1 StateTime=0.494082->0.494082 StatePosition=1->1 MotionBefore=Troll_Stand_Fist_Fist_P0_QuickAttackL_Hit_N_Fwd_00_%_00_P0_100.xmot MotionAfter=Troll_Stand_Fist_Fist_P0_QuickAttackL_Hit_N_Fwd_00_%_00_P0_100.xmot Right=TrollFist RightUseType=55 RightGroup=7->7 NativeResult=1 OBSERVE_NATIVE=1
3899	RAW55_CALLBACK_BOUNDARY	CORE RAW55_QUICK_CALLBACK_BOUNDARY Actor=Troll C1=51 SameC1=1 Action=5->5 Phase=1->1 StateTime=0.502415->0.502415 StatePosition=1->1 MotionBefore=Troll_Stand_Fist_Fist_P0_QuickAttackL_Hit_N_Fwd_00_%_00_P0_100.xmot MotionAfter=Troll_Stand_Fist_Fist_P0_QuickAttackL_Hit_N_Fwd_00_%_00_P0_100.xmot Right=TrollFist RightUseType=55 RightGroup=7->7 NativeResult=1 OBSERVE_NATIVE=1
3900	RAW55_CALLBACK_BOUNDARY	CORE RAW55_QUICK_CALLBACK_BOUNDARY Actor=Troll C1=51 SameC1=1 Action=5->5 Phase=1->1 StateTime=0.519268->0.519268 StatePosition=1->1 MotionBefore=Troll_Stand_Fist_Fist_P0_QuickAttackL_Hit_N_Fwd_00_%_00_P0_100.xmot MotionAfter=Troll_Stand_Fist_Fist_P0_QuickAttackL_Hit_N_Fwd_00_%_00_P0_100.xmot Right=TrollFist RightUseType=55 RightGroup=7->7 NativeResult=1 OBSERVE_NATIVE=1
3901	RAW55_CALLBACK_BOUNDARY	CORE RAW55_QUICK_CALLBACK_BOUNDARY Actor=Troll C1=51 SameC1=1 Action=5->5 Phase=1->1 StateTime=0.527601->0.527601 StatePosition=1->1 MotionBefore=Troll_Stand_Fist_Fist_P0_QuickAttackL_Hit_N_Fwd_00_%_00_P0_100.xmot MotionAfter=Troll_Stand_Fist_Fist_P0_QuickAttackL_Hit_N_Fwd_00_%_00_P0_100.xmot Right=TrollFist RightUseType=55 RightGroup=7->7 NativeResult=1 OBSERVE_NATIVE=1
3902	RAW55_CALLBACK_BOUNDARY	CORE RAW55_QUICK_CALLBACK_BOUNDARY Actor=Troll C1=51 SameC1=1 Action=5->5 Phase=1->1 StateTime=0.535934->0.535934 StatePosition=1->1 MotionBefore=Troll_Stand_Fist_Fist_P0_QuickAttackL_Hit_N_Fwd_00_%_00_P0_100.xmot MotionAfter=Troll_Stand_Fist_Fist_P0_QuickAttackL_Hit_N_Fwd_00_%_00_P0_100.xmot Right=TrollFist RightUseType=55 RightGroup=7->7 NativeResult=1 OBSERVE_NATIVE=1
3903	RAW55_CALLBACK_BOUNDARY	CORE RAW55_QUICK_CALLBACK_BOUNDARY Actor=Troll C1=51 SameC1=1 Action=5->5 Phase=1->1 StateTime=0.544905->0.544905 StatePosition=1->1 MotionBefore=Troll_Stand_Fist_Fist_P0_QuickAttackL_Hit_N_Fwd_00_%_00_P0_100.xmot MotionAfter=Troll_Stand_Fist_Fist_P0_QuickAttackL_Hit_N_Fwd_00_%_00_P0_100.xmot Right=TrollFist RightUseType=55 RightGroup=7->7 NativeResult=1 OBSERVE_NATIVE=1
3904	RAW55_CALLBACK_BOUNDARY	CORE RAW55_QUICK_CALLBACK_BOUNDARY Actor=Troll C1=51 SameC1=1 Action=5->5 Phase=1->1 StateTime=0.553238->0.553238 StatePosition=1->1 MotionBefore=Troll_Stand_Fist_Fist_P0_QuickAttackL_Hit_N_Fwd_00_%_00_P0_100.xmot MotionAfter=Troll_Stand_Fist_Fist_P0_QuickAttackL_Hit_N_Fwd_00_%_00_P0_100.xmot Right=TrollFist RightUseType=55 RightGroup=7->7 NativeResult=1 OBSERVE_NATIVE=1
3905	RAW55_CALLBACK_BOUNDARY	CORE RAW55_QUICK_CALLBACK_BOUNDARY Actor=Troll C1=51 SameC1=1 Action=5->5 Phase=1->1 StateTime=0.562209->0.562209 StatePosition=1->1 MotionBefore=Troll_Stand_Fist_Fist_P0_QuickAttackL_Hit_N_Fwd_00_%_00_P0_100.xmot MotionAfter=Troll_Stand_Fist_Fist_P0_QuickAttackL_Hit_N_Fwd_00_%_00_P0_100.xmot Right=TrollFist RightUseType=55 RightGroup=7->7 NativeResult=1 OBSERVE_NATIVE=1
3906	C1_FINAL	CORE C1_FINAL ElapsedMs=60960.752 Actor=PC_Hero Generation=52 Status=PERSISTED SourceCount=0 PhysicalChanged=0
3907	RAW55_CALLBACK_BOUNDARY	CORE RAW55_QUICK_CALLBACK_BOUNDARY Actor=Troll C1=51 SameC1=1 Action=5->5 Phase=1->1 StateTime=0.570542->0.570542 StatePosition=1->1 MotionBefore=Troll_Stand_Fist_Fist_P0_QuickAttackL_Hit_N_Fwd_00_%_00_P0_100.xmot MotionAfter=Troll_Stand_Fist_Fist_P0_QuickAttackL_Hit_N_Fwd_00_%_00_P0_100.xmot Right=TrollFist RightUseType=55 RightGroup=7->7 NativeResult=1 OBSERVE_NATIVE=1
3908	RAW55_CALLBACK_BOUNDARY	CORE RAW55_QUICK_CALLBACK_BOUNDARY Actor=Troll C1=51 SameC1=1 Action=5->5 Phase=1->1 StateTime=0.579513->0.579513 StatePosition=1->1 MotionBefore=Troll_Stand_Fist_Fist_P0_QuickAttackL_Hit_N_Fwd_00_%_00_P0_100.xmot MotionAfter=Troll_Stand_Fist_Fist_P0_QuickAttackL_Hit_N_Fwd_00_%_00_P0_100.xmot Right=TrollFist RightUseType=55 RightGroup=7->7 NativeResult=1 OBSERVE_NATIVE=1
3909	RAW55_CALLBACK_BOUNDARY	CORE RAW55_QUICK_CALLBACK_BOUNDARY Actor=Troll C1=51 SameC1=1 Action=5->5 Phase=1->1 StateTime=0.587847->0.587847 StatePosition=1->1 MotionBefore=Troll_Stand_Fist_Fist_P0_QuickAttackL_Hit_N_Fwd_00_%_00_P0_100.xmot MotionAfter=Troll_Stand_Fist_Fist_P0_QuickAttackL_Hit_N_Fwd_00_%_00_P0_100.xmot Right=TrollFist RightUseType=55 RightGroup=7->7 NativeResult=1 OBSERVE_NATIVE=1
3910	RAW55_CALLBACK_BOUNDARY	CORE RAW55_QUICK_CALLBACK_BOUNDARY Actor=Troll C1=51 SameC1=1 Action=5->5 Phase=1->1 StateTime=0.596180->0.596180 StatePosition=1->1 MotionBefore=Troll_Stand_Fist_Fist_P0_QuickAttackL_Hit_N_Fwd_00_%_00_P0_100.xmot MotionAfter=Troll_Stand_Fist_Fist_P0_QuickAttackL_Hit_N_Fwd_00_%_00_P0_100.xmot Right=TrollFist RightUseType=55 RightGroup=7->7 NativeResult=1 OBSERVE_NATIVE=1
3919	AUTHORED_FIST_MARKER	MarkerName: G3AB_COL_FIST
3940	CLEAR_TRIGGERED_LIST	CORE RAW55_QUICK_REPEAT_FIST_REARM_PROBE Actor=Troll C1=51 Action=5 StatePosition=1 StateTime=0.604513 Right=TrollFist RightUseType=55 RightGroup=7 DecisionFistCount=2 FirstPreStateProof=1 LaterDispatchOrdinal=2 ClearTriggeredList=1 REPEAT_FIST_REARM=1
3941	RAW55_CALLBACK_BOUNDARY	CORE RAW55_QUICK_CALLBACK_BOUNDARY Actor=Troll C1=51 SameC1=1 Action=5->5 Phase=1->1 StateTime=0.604513->0.604513 StatePosition=1->1 MotionBefore=Troll_Stand_Fist_Fist_P0_QuickAttackL_Hit_N_Fwd_00_%_00_P0_100.xmot MotionAfter=Troll_Stand_Fist_Fist_P0_QuickAttackL_Hit_N_Fwd_00_%_00_P0_100.xmot Right=TrollFist RightUseType=55 RightGroup=7->7 NativeResult=1 OBSERVE_NATIVE=1
3942	RAW55_CALLBACK_BOUNDARY	CORE RAW55_QUICK_CALLBACK_BOUNDARY Actor=Troll C1=51 SameC1=1 Action=5->5 Phase=1->1 StateTime=0.612846->0.612846 StatePosition=1->1 MotionBefore=Troll_Stand_Fist_Fist_P0_QuickAttackL_Hit_N_Fwd_00_%_00_P0_100.xmot MotionAfter=Troll_Stand_Fist_Fist_P0_QuickAttackL_Hit_N_Fwd_00_%_00_P0_100.xmot Right=TrollFist RightUseType=55 RightGroup=7->7 NativeResult=1 OBSERVE_NATIVE=1
3943	RAW55_CALLBACK_BOUNDARY	CORE RAW55_QUICK_CALLBACK_BOUNDARY Actor=Troll C1=51 SameC1=1 Action=5->5 Phase=1->1 StateTime=0.621180->0.621180 StatePosition=1->1 MotionBefore=Troll_Stand_Fist_Fist_P0_QuickAttackL_Hit_N_Fwd_00_%_00_P0_100.xmot MotionAfter=Troll_Stand_Fist_Fist_P0_QuickAttackL_Hit_N_Fwd_00_%_00_P0_100.xmot Right=TrollFist RightUseType=55 RightGroup=7->7 NativeResult=1 OBSERVE_NATIVE=1
3944	RAW55_CALLBACK_BOUNDARY	CORE RAW55_QUICK_CALLBACK_BOUNDARY Actor=Troll C1=51 SameC1=1 Action=5->5 Phase=1->1 StateTime=0.629513->0.629513 StatePosition=1->1 MotionBefore=Troll_Stand_Fist_Fist_P0_QuickAttackL_Hit_N_Fwd_00_%_00_P0_100.xmot MotionAfter=Troll_Stand_Fist_Fist_P0_QuickAttackL_Hit_N_Fwd_00_%_00_P0_100.xmot Right=TrollFist RightUseType=55 RightGroup=7->7 NativeResult=1 OBSERVE_NATIVE=1
3945	RAW55_CALLBACK_BOUNDARY	CORE RAW55_QUICK_CALLBACK_BOUNDARY Actor=Troll C1=51 SameC1=1 Action=5->5 Phase=1->1 StateTime=0.637846->0.637846 StatePosition=1->1 MotionBefore=Troll_Stand_Fist_Fist_P0_QuickAttackL_Hit_N_Fwd_00_%_00_P0_100.xmot MotionAfter=Troll_Stand_Fist_Fist_P0_QuickAttackL_Hit_N_Fwd_00_%_00_P0_100.xmot Right=TrollFist RightUseType=55 RightGroup=7->7 NativeResult=1 OBSERVE_NATIVE=1
3946	RAW55_CALLBACK_BOUNDARY	CORE RAW55_QUICK_CALLBACK_BOUNDARY Actor=Troll C1=51 SameC1=1 Action=5->5 Phase=1->1 StateTime=0.646817->0.646817 StatePosition=1->1 MotionBefore=Troll_Stand_Fist_Fist_P0_QuickAttackL_Hit_N_Fwd_00_%_00_P0_100.xmot MotionAfter=Troll_Stand_Fist_Fist_P0_QuickAttackL_Hit_N_Fwd_00_%_00_P0_100.xmot Right=TrollFist RightUseType=55 RightGroup=7->7 NativeResult=1 OBSERVE_NATIVE=1
3947	RAW55_CALLBACK_BOUNDARY	CORE RAW55_QUICK_CALLBACK_BOUNDARY Actor=Troll C1=51 SameC1=1 Action=5->5 Phase=1->1 StateTime=0.655150->0.655150 StatePosition=1->1 MotionBefore=Troll_Stand_Fist_Fist_P0_QuickAttackL_Hit_N_Fwd_00_%_00_P0_100.xmot MotionAfter=Troll_Stand_Fist_Fist_P0_QuickAttackL_Hit_N_Fwd_00_%_00_P0_100.xmot Right=TrollFist RightUseType=55 RightGroup=7->7 NativeResult=1 OBSERVE_NATIVE=1
3948	RAW55_CALLBACK_BOUNDARY	CORE RAW55_QUICK_CALLBACK_BOUNDARY Actor=Troll C1=51 SameC1=1 Action=5->5 Phase=1->1 StateTime=0.663484->0.663484 StatePosition=1->1 MotionBefore=Troll_Stand_Fist_Fist_P0_QuickAttackL_Hit_N_Fwd_00_%_00_P0_100.xmot MotionAfter=Troll_Stand_Fist_Fist_P0_QuickAttackL_Hit_N_Fwd_00_%_00_P0_100.xmot Right=TrollFist RightUseType=55 RightGroup=7->7 NativeResult=1 OBSERVE_NATIVE=1
3949	RAW55_CALLBACK_BOUNDARY	CORE RAW55_QUICK_CALLBACK_BOUNDARY Actor=Troll C1=51 SameC1=1 Action=5->5 Phase=1->1 StateTime=0.672454->0.672454 StatePosition=1->1 MotionBefore=Troll_Stand_Fist_Fist_P0_QuickAttackL_Hit_N_Fwd_00_%_00_P0_100.xmot MotionAfter=Troll_Stand_Fist_Fist_P0_QuickAttackL_Hit_N_Fwd_00_%_00_P0_100.xmot Right=TrollFist RightUseType=55 RightGroup=7->7 NativeResult=1 OBSERVE_NATIVE=1
3950	RAW55_CALLBACK_BOUNDARY	CORE RAW55_QUICK_CALLBACK_BOUNDARY Actor=Troll C1=51 SameC1=1 Action=5->5 Phase=1->1 StateTime=0.680788->0.680788 StatePosition=1->1 MotionBefore=Troll_Stand_Fist_Fist_P0_QuickAttackL_Hit_N_Fwd_00_%_00_P0_100.xmot MotionAfter=Troll_Stand_Fist_Fist_P0_QuickAttackL_Hit_N_Fwd_00_%_00_P0_100.xmot Right=TrollFist RightUseType=55 RightGroup=7->7 NativeResult=1 OBSERVE_NATIVE=1
3951	RAW55_CALLBACK_BOUNDARY	CORE RAW55_QUICK_CALLBACK_BOUNDARY Actor=Troll C1=51 SameC1=1 Action=5->5 Phase=1->1 StateTime=0.693699->0.693699 StatePosition=1->1 MotionBefore=Troll_Stand_Fist_Fist_P0_QuickAttackL_Hit_N_Fwd_00_%_00_P0_100.xmot MotionAfter=Troll_Stand_Fist_Fist_P0_QuickAttackL_Hit_N_Fwd_00_%_00_P0_100.xmot Right=TrollFist RightUseType=55 RightGroup=7->7 NativeResult=1 OBSERVE_NATIVE=1
3952	RAW55_CALLBACK_BOUNDARY	CORE RAW55_QUICK_CALLBACK_BOUNDARY Actor=Troll C1=51 SameC1=1 Action=5->5 Phase=1->1 StateTime=0.702033->0.702033 StatePosition=1->1 MotionBefore=Troll_Stand_Fist_Fist_P0_QuickAttackL_Hit_N_Fwd_00_%_00_P0_100.xmot MotionAfter=Troll_Stand_Fist_Fist_P0_QuickAttackL_Hit_N_Fwd_00_%_00_P0_100.xmot Right=TrollFist RightUseType=55 RightGroup=7->7 NativeResult=1 OBSERVE_NATIVE=1
3953	RAW55_CALLBACK_BOUNDARY	CORE RAW55_QUICK_CALLBACK_BOUNDARY Actor=Troll C1=51 SameC1=1 Action=5->5 Phase=1->1 StateTime=0.711004->0.711004 StatePosition=1->1 MotionBefore=Troll_Stand_Fist_Fist_P0_QuickAttackL_Hit_N_Fwd_00_%_00_P0_100.xmot MotionAfter=Troll_Stand_Fist_Fist_P0_QuickAttackL_Hit_N_Fwd_00_%_00_P0_100.xmot Right=TrollFist RightUseType=55 RightGroup=7->7 NativeResult=1 OBSERVE_NATIVE=1
3954	ON_DAMAGE	CORE ONDAMAGE ElapsedMs=61099.511 Ordinal=32 Target=PC_Hero Arg1=PC_Hero Arg2=PC_Hero Caller=Game.dll+0x00069484 PlayerAction=0 PlayerPhase=3 PlayerMotion=Hero_Stand_None_None_P0_StumbleR_Recover_N_Back_00_%_00_P0_0.xmot Raw8Fist=<none> Raw8UseType=-1 Raw8Group=-1
3955	RAW55_CALLBACK_BOUNDARY	CORE RAW55_QUICK_CALLBACK_BOUNDARY Actor=Troll C1=51 SameC1=1 Action=5->5 Phase=1->1 StateTime=0.719337->0.719337 StatePosition=1->1 MotionBefore=Troll_Stand_Fist_Fist_P0_QuickAttackL_Hit_N_Fwd_00_%_00_P0_100.xmot MotionAfter=Troll_Stand_Fist_Fist_P0_QuickAttackL_Hit_N_Fwd_00_%_00_P0_100.xmot Right=TrollFist RightUseType=55 RightGroup=7->7 NativeResult=1 OBSERVE_NATIVE=1
3959	RAW55_CALLBACK_BOUNDARY	CORE RAW55_QUICK_CALLBACK_BOUNDARY Actor=Troll C1=51 SameC1=1 Action=5->5 Phase=1->1 StateTime=0.728308->0.728308 StatePosition=1->1 MotionBefore=Troll_Stand_Fist_Fist_P0_QuickAttackL_Hit_N_Fwd_00_%_00_P0_100.xmot MotionAfter=Troll_Stand_Fist_Fist_P0_QuickAttackL_Hit_N_Fwd_00_%_00_P0_100.xmot Right=TrollFist RightUseType=55 RightGroup=7->7 NativeResult=1 OBSERVE_NATIVE=1
3960	RAW55_CALLBACK_BOUNDARY	CORE RAW55_QUICK_CALLBACK_BOUNDARY Actor=Troll C1=51 SameC1=1 Action=5->5 Phase=1->1 StateTime=0.736641->0.736641 StatePosition=1->1 MotionBefore=Troll_Stand_Fist_Fist_P0_QuickAttackL_Hit_N_Fwd_00_%_00_P0_100.xmot MotionAfter=Troll_Stand_Fist_Fist_P0_QuickAttackL_Hit_N_Fwd_00_%_00_P0_100.xmot Right=TrollFist RightUseType=55 RightGroup=7->7 NativeResult=1 OBSERVE_NATIVE=1
3961	RAW55_CALLBACK_BOUNDARY	CORE RAW55_QUICK_CALLBACK_BOUNDARY Actor=Troll C1=51 SameC1=1 Action=5->5 Phase=1->1 StateTime=0.744975->0.744975 StatePosition=1->1 MotionBefore=Troll_Stand_Fist_Fist_P0_QuickAttackL_Hit_N_Fwd_00_%_00_P0_100.xmot MotionAfter=Troll_Stand_Fist_Fist_P0_QuickAttackL_Hit_N_Fwd_00_%_00_P0_100.xmot Right=TrollFist RightUseType=55 RightGroup=7->7 NativeResult=1 OBSERVE_NATIVE=1
3962	RAW55_CALLBACK_BOUNDARY	CORE RAW55_QUICK_CALLBACK_BOUNDARY Actor=Troll C1=51 SameC1=1 Action=5->5 Phase=1->1 StateTime=0.753308->0.753308 StatePosition=1->1 MotionBefore=Troll_Stand_Fist_Fist_P0_QuickAttackL_Hit_N_Fwd_00_%_00_P0_100.xmot MotionAfter=Troll_Stand_Fist_Fist_P0_QuickAttackL_Hit_N_Fwd_00_%_00_P0_100.xmot Right=TrollFist RightUseType=55 RightGroup=7->7 NativeResult=1 OBSERVE_NATIVE=1
3963	RAW55_CALLBACK_BOUNDARY	CORE RAW55_QUICK_CALLBACK_BOUNDARY Actor=Troll C1=51 SameC1=1 Action=5->5 Phase=1->1 StateTime=0.762279->0.762279 StatePosition=1->1 MotionBefore=Troll_Stand_Fist_Fist_P0_QuickAttackL_Hit_N_Fwd_00_%_00_P0_100.xmot MotionAfter=Troll_Stand_Fist_Fist_P0_QuickAttackL_Hit_N_Fwd_00_%_00_P0_100.xmot Right=TrollFist RightUseType=55 RightGroup=7->7 NativeResult=1 OBSERVE_NATIVE=1
3964	RAW55_CALLBACK_BOUNDARY	CORE RAW55_QUICK_CALLBACK_BOUNDARY Actor=Troll C1=51 SameC1=1 Action=5->5 Phase=1->1 StateTime=0.770612->0.770612 StatePosition=1->1 MotionBefore=Troll_Stand_Fist_Fist_P0_QuickAttackL_Hit_N_Fwd_00_%_00_P0_100.xmot MotionAfter=Troll_Stand_Fist_Fist_P0_QuickAttackL_Hit_N_Fwd_00_%_00_P0_100.xmot Right=TrollFist RightUseType=55 RightGroup=7->7 NativeResult=1 OBSERVE_NATIVE=1
3965	RAW55_CALLBACK_BOUNDARY	CORE RAW55_QUICK_CALLBACK_BOUNDARY Actor=Troll C1=51 SameC1=1 Action=5->5 Phase=1->1 StateTime=0.779583->0.779583 StatePosition=1->1 MotionBefore=Troll_Stand_Fist_Fist_P0_QuickAttackL_Hit_N_Fwd_00_%_00_P0_100.xmot MotionAfter=Troll_Stand_Fist_Fist_P0_QuickAttackL_Hit_N_Fwd_00_%_00_P0_100.xmot Right=TrollFist RightUseType=55 RightGroup=7->7 NativeResult=1 OBSERVE_NATIVE=1
3966	RAW55_CALLBACK_BOUNDARY	CORE RAW55_QUICK_CALLBACK_BOUNDARY Actor=Troll C1=51 SameC1=1 Action=5->5 Phase=1->1 StateTime=0.787916->0.787916 StatePosition=1->1 MotionBefore=Troll_Stand_Fist_Fist_P0_QuickAttackL_Hit_N_Fwd_00_%_00_P0_100.xmot MotionAfter=Troll_Stand_Fist_Fist_P0_QuickAttackL_Hit_N_Fwd_00_%_00_P0_100.xmot Right=TrollFist RightUseType=55 RightGroup=7->7 NativeResult=1 OBSERVE_NATIVE=1
3967	RAW55_CALLBACK_BOUNDARY	CORE RAW55_QUICK_CALLBACK_BOUNDARY Actor=Troll C1=51 SameC1=1 Action=5->5 Phase=1->1 StateTime=0.796887->0.796887 StatePosition=1->1 MotionBefore=Troll_Stand_Fist_Fist_P0_QuickAttackL_Hit_N_Fwd_00_%_00_P0_100.xmot MotionAfter=Troll_Stand_Fist_Fist_P0_QuickAttackL_Hit_N_Fwd_00_%_00_P0_100.xmot Right=TrollFist RightUseType=55 RightGroup=7->7 NativeResult=1 OBSERVE_NATIVE=1
3968	COLLISION_GROUP	CORE COLLISION_GROUP ElapsedMs=61183.897 Source=TrollFist UseType=55 Owner=Troll Slot=RIGHT Requested=5 Before=7 After=5 MarkerBitsRetired=0
3969	C1_CLEANUP_FULFILLED	CORE C1 CLEANUP FULFILLED ElapsedMs=61183.924 Actor=Troll Generation=51 Status=PERSISTED Source=TrollFist Side=RIGHT Requests=2 Outstanding=0 CleanupObserved=1 Group=5
3970	C1_FINAL	CORE C1_FINAL ElapsedMs=61281.025 Actor=Troll Generation=51 Status=PERSISTED SourceCount=2 PhysicalChanged=0 Source[0]=TrollFist Side=RIGHT Outstanding=0 Cleanup=1 Outcome=NO_OP_NO_OUTSTANDING Source[1]=TrollFist Side=LEFT Outstanding=0 Cleanup=0 Outcome=NO_OP_NO_OUTSTANDING
3971	C1_FINAL	CORE C1_FINAL ElapsedMs=61396.810 Actor=PC_Hero Generation=53 Status=PERSISTED SourceCount=0 PhysicalChanged=0
3993	RAW55_CALLBACK_BOUNDARY	CORE RAW55_QUICK_CALLBACK_BOUNDARY Actor=Troll C1=54 SameC1=1 Action=4->4 Phase=1->1 StateTime=0.000000->0.000000 StatePosition=0->0 MotionBefore=Troll_Stand_Fist_Fist_P0_QuickAttackR_Hit_N_Fwd_00_%_00_P0_100.xmot MotionAfter=Troll_Stand_Fist_Fist_P0_QuickAttackR_Hit_N_Fwd_00_%_00_P0_100.xmot Right=TrollFist RightUseType=55 RightGroup=5->5 NativeResult=1 OBSERVE_NATIVE=1
3994	RAW55_CALLBACK_BOUNDARY	CORE RAW55_QUICK_CALLBACK_BOUNDARY Actor=Troll C1=54 SameC1=1 Action=4->4 Phase=1->1 StateTime=0.008333->0.008333 StatePosition=0->0 MotionBefore=Troll_Stand_Fist_Fist_P0_QuickAttackR_Hit_N_Fwd_00_%_00_P0_100.xmot MotionAfter=Troll_Stand_Fist_Fist_P0_QuickAttackR_Hit_N_Fwd_00_%_00_P0_100.xmot Right=TrollFist RightUseType=55 RightGroup=5->5 NativeResult=1 OBSERVE_NATIVE=1
3995	RAW55_CALLBACK_BOUNDARY	CORE RAW55_QUICK_CALLBACK_BOUNDARY Actor=Troll C1=54 SameC1=1 Action=4->4 Phase=1->1 StateTime=0.017304->0.017304 StatePosition=0->0 MotionBefore=Troll_Stand_Fist_Fist_P0_QuickAttackR_Hit_N_Fwd_00_%_00_P0_100.xmot MotionAfter=Troll_Stand_Fist_Fist_P0_QuickAttackR_Hit_N_Fwd_00_%_00_P0_100.xmot Right=TrollFist RightUseType=55 RightGroup=5->5 NativeResult=1 OBSERVE_NATIVE=1
3996	RAW55_CALLBACK_BOUNDARY	CORE RAW55_QUICK_CALLBACK_BOUNDARY Actor=Troll C1=54 SameC1=1 Action=4->4 Phase=1->1 StateTime=0.025638->0.025638 StatePosition=0->0 MotionBefore=Troll_Stand_Fist_Fist_P0_QuickAttackR_Hit_N_Fwd_00_%_00_P0_100.xmot MotionAfter=Troll_Stand_Fist_Fist_P0_QuickAttackR_Hit_N_Fwd_00_%_00_P0_100.xmot Right=TrollFist RightUseType=55 RightGroup=5->5 NativeResult=1 OBSERVE_NATIVE=1
3997	RAW55_CALLBACK_BOUNDARY	CORE RAW55_QUICK_CALLBACK_BOUNDARY Actor=Troll C1=54 SameC1=1 Action=4->4 Phase=1->1 StateTime=0.033971->0.033971 StatePosition=0->0 MotionBefore=Troll_Stand_Fist_Fist_P0_QuickAttackR_Hit_N_Fwd_00_%_00_P0_100.xmot MotionAfter=Troll_Stand_Fist_Fist_P0_QuickAttackR_Hit_N_Fwd_00_%_00_P0_100.xmot Right=TrollFist RightUseType=55 RightGroup=5->5 NativeResult=1 OBSERVE_NATIVE=1
4006	AUTHORED_FIST_MARKER	MarkerName: G3AB_COL_FIST
4026	COLLISION_GROUP	CORE COLLISION_GROUP ElapsedMs=62516.224 Source=TrollFist UseType=55 Owner=Troll Slot=RIGHT Requested=7 Before=5 After=7 MarkerBitsRetired=0
4028	CLEAR_TRIGGERED_LIST	CORE RAW55_QUICK_PRESTATE_FIST_PROBE Actor=Troll C1=54 Action=4 StatePosition=0 StateTime=0.042942 Right=TrollFist RightUseType=55 GroupBefore=5 RequestedGroup=7 GroupAfter=7 ClearTriggeredList=1 PRESTATE_FIST=1
4029	RAW55_CALLBACK_BOUNDARY	CORE RAW55_QUICK_CALLBACK_BOUNDARY Actor=Troll C1=54 SameC1=1 Action=4->4 Phase=1->1 StateTime=0.042942->0.042942 StatePosition=0->0 MotionBefore=Troll_Stand_Fist_Fist_P0_QuickAttackR_Hit_N_Fwd_00_%_00_P0_100.xmot MotionAfter=Troll_Stand_Fist_Fist_P0_QuickAttackR_Hit_N_Fwd_00_%_00_P0_100.xmot Right=TrollFist RightUseType=55 RightGroup=7->7 NativeResult=1 OBSERVE_NATIVE=1
4030	RAW55_CALLBACK_BOUNDARY	CORE RAW55_QUICK_CALLBACK_BOUNDARY Actor=Troll C1=54 SameC1=1 Action=4->4 Phase=1->1 StateTime=0.051275->0.051275 StatePosition=0->0 MotionBefore=Troll_Stand_Fist_Fist_P0_QuickAttackR_Hit_N_Fwd_00_%_00_P0_100.xmot MotionAfter=Troll_Stand_Fist_Fist_P0_QuickAttackR_Hit_N_Fwd_00_%_00_P0_100.xmot Right=TrollFist RightUseType=55 RightGroup=7->7 NativeResult=1 OBSERVE_NATIVE=1
4031	RAW55_CALLBACK_BOUNDARY	CORE RAW55_QUICK_CALLBACK_BOUNDARY Actor=Troll C1=54 SameC1=1 Action=4->4 Phase=1->1 StateTime=0.059608->0.059608 StatePosition=0->0 MotionBefore=Troll_Stand_Fist_Fist_P0_QuickAttackR_Hit_N_Fwd_00_%_00_P0_100.xmot MotionAfter=Troll_Stand_Fist_Fist_P0_QuickAttackR_Hit_N_Fwd_00_%_00_P0_100.xmot Right=TrollFist RightUseType=55 RightGroup=7->7 NativeResult=1 OBSERVE_NATIVE=1
4032	RAW55_CALLBACK_BOUNDARY	CORE RAW55_QUICK_CALLBACK_BOUNDARY Actor=Troll C1=54 SameC1=1 Action=4->4 Phase=1->1 StateTime=0.069564->0.069564 StatePosition=0->0 MotionBefore=Troll_Stand_Fist_Fist_P0_QuickAttackR_Hit_N_Fwd_00_%_00_P0_100.xmot MotionAfter=Troll_Stand_Fist_Fist_P0_QuickAttackR_Hit_N_Fwd_00_%_00_P0_100.xmot Right=TrollFist RightUseType=55 RightGroup=7->7 NativeResult=1 OBSERVE_NATIVE=1
4033	RAW55_CALLBACK_BOUNDARY	CORE RAW55_QUICK_CALLBACK_BOUNDARY Actor=Troll C1=54 SameC1=1 Action=4->4 Phase=1->1 StateTime=0.077897->0.077897 StatePosition=0->0 MotionBefore=Troll_Stand_Fist_Fist_P0_QuickAttackR_Hit_N_Fwd_00_%_00_P0_100.xmot MotionAfter=Troll_Stand_Fist_Fist_P0_QuickAttackR_Hit_N_Fwd_00_%_00_P0_100.xmot Right=TrollFist RightUseType=55 RightGroup=7->7 NativeResult=1 OBSERVE_NATIVE=1
4034	RAW55_CALLBACK_BOUNDARY	CORE RAW55_QUICK_CALLBACK_BOUNDARY Actor=Troll C1=54 SameC1=1 Action=4->4 Phase=1->1 StateTime=0.086868->0.086868 StatePosition=0->0 MotionBefore=Troll_Stand_Fist_Fist_P0_QuickAttackR_Hit_N_Fwd_00_%_00_P0_100.xmot MotionAfter=Troll_Stand_Fist_Fist_P0_QuickAttackR_Hit_N_Fwd_00_%_00_P0_100.xmot Right=TrollFist RightUseType=55 RightGroup=7->7 NativeResult=1 OBSERVE_NATIVE=1
4035	RAW55_CALLBACK_BOUNDARY	CORE RAW55_QUICK_CALLBACK_BOUNDARY Actor=Troll C1=54 SameC1=1 Action=4->4 Phase=1->1 StateTime=0.095202->0.095202 StatePosition=0->0 MotionBefore=Troll_Stand_Fist_Fist_P0_QuickAttackR_Hit_N_Fwd_00_%_00_P0_100.xmot MotionAfter=Troll_Stand_Fist_Fist_P0_QuickAttackR_Hit_N_Fwd_00_%_00_P0_100.xmot Right=TrollFist RightUseType=55 RightGroup=7->7 NativeResult=1 OBSERVE_NATIVE=1
4036	COLLISION_GROUP	CORE COLLISION_GROUP ElapsedMs=62582.424 Source=TrollFist UseType=55 Owner=Troll Slot=RIGHT Requested=7 Before=7 After=7 MarkerBitsRetired=0
4038	RAW55_CALLBACK_BOUNDARY	CORE RAW55_QUICK_CALLBACK_BOUNDARY Actor=Troll C1=54 SameC1=1 Action=4->4 Phase=1->1 StateTime=0.105158->0.105158 StatePosition=0->1 MotionBefore=Troll_Stand_Fist_Fist_P0_QuickAttackR_Hit_N_Fwd_00_%_00_P0_100.xmot MotionAfter=Troll_Stand_Fist_Fist_P0_QuickAttackR_Hit_N_Fwd_00_%_00_P0_100.xmot Right=TrollFist RightUseType=55 RightGroup=7->7 NativeResult=1 OBSERVE_NATIVE=1
4039	RAW55_CALLBACK_BOUNDARY	CORE RAW55_QUICK_CALLBACK_BOUNDARY Actor=Troll C1=54 SameC1=1 Action=4->4 Phase=1->1 StateTime=0.113491->0.113491 StatePosition=1->1 MotionBefore=Troll_Stand_Fist_Fist_P0_QuickAttackR_Hit_N_Fwd_00_%_00_P0_100.xmot MotionAfter=Troll_Stand_Fist_Fist_P0_QuickAttackR_Hit_N_Fwd_00_%_00_P0_100.xmot Right=TrollFist RightUseType=55 RightGroup=7->7 NativeResult=1 OBSERVE_NATIVE=1
4040	RAW55_CALLBACK_BOUNDARY	CORE RAW55_QUICK_CALLBACK_BOUNDARY Actor=Troll C1=54 SameC1=1 Action=4->4 Phase=1->1 StateTime=0.122462->0.122462 StatePosition=1->1 MotionBefore=Troll_Stand_Fist_Fist_P0_QuickAttackR_Hit_N_Fwd_00_%_00_P0_100.xmot MotionAfter=Troll_Stand_Fist_Fist_P0_QuickAttackR_Hit_N_Fwd_00_%_00_P0_100.xmot Right=TrollFist RightUseType=55 RightGroup=7->7 NativeResult=1 OBSERVE_NATIVE=1
4041	RAW55_CALLBACK_BOUNDARY	CORE RAW55_QUICK_CALLBACK_BOUNDARY Actor=Troll C1=54 SameC1=1 Action=4->4 Phase=1->1 StateTime=0.130795->0.130795 StatePosition=1->1 MotionBefore=Troll_Stand_Fist_Fist_P0_QuickAttackR_Hit_N_Fwd_00_%_00_P0_100.xmot MotionAfter=Troll_Stand_Fist_Fist_P0_QuickAttackR_Hit_N_Fwd_00_%_00_P0_100.xmot Right=TrollFist RightUseType=55 RightGroup=7->7 NativeResult=1 OBSERVE_NATIVE=1
4042	RAW55_CALLBACK_BOUNDARY	CORE RAW55_QUICK_CALLBACK_BOUNDARY Actor=Troll C1=54 SameC1=1 Action=4->4 Phase=1->1 StateTime=0.139129->0.139129 StatePosition=1->1 MotionBefore=Troll_Stand_Fist_Fist_P0_QuickAttackR_Hit_N_Fwd_00_%_00_P0_100.xmot MotionAfter=Troll_Stand_Fist_Fist_P0_QuickAttackR_Hit_N_Fwd_00_%_00_P0_100.xmot Right=TrollFist RightUseType=55 RightGroup=7->7 NativeResult=1 OBSERVE_NATIVE=1
4043	RAW55_CALLBACK_BOUNDARY	CORE RAW55_QUICK_CALLBACK_BOUNDARY Actor=Troll C1=54 SameC1=1 Action=4->4 Phase=1->1 StateTime=0.149085->0.149085 StatePosition=1->1 MotionBefore=Troll_Stand_Fist_Fist_P0_QuickAttackR_Hit_N_Fwd_00_%_00_P0_100.xmot MotionAfter=Troll_Stand_Fist_Fist_P0_QuickAttackR_Hit_N_Fwd_00_%_00_P0_100.xmot Right=TrollFist RightUseType=55 RightGroup=7->7 NativeResult=1 OBSERVE_NATIVE=1
